 time            v(vout)         @l1[i]          @l2[i]          v(nl2,nd1)      @d1[id]         @rl[i]         
 7.80312500e-02 -3.56848799e+01  2.96785158e+00 -3.81469517e+00  8.39169632e+01  6.78254666e+00 -3.96498665e+00 
 7.80312501e-02 -3.56848679e+01  2.96785121e+00 -3.81469158e+00  8.39169662e+01  6.78254270e+00 -3.96498532e+00 
 7.80312503e-02 -3.56848440e+01  2.96785049e+00 -3.81468440e+00  8.39169721e+01  6.78253480e+00 -3.96498266e+00 
 7.80312504e-02 -3.56848380e+01  2.96785031e+00 -3.81468260e+00  8.39169736e+01  6.78253279e+00 -3.96498200e+00 
 7.80312504e-02 -3.56848275e+01  2.96784999e+00 -3.81467946e+00  8.39169762e+01  6.78252939e+00 -3.96498084e+00 
 7.80312505e-02 -3.56848159e+01  2.96785005e+00 -3.81468005e+00  8.39169758e+01 -1.00000008e-03 -3.96497955e+00 
 7.80312507e-02 -3.56847927e+01  2.96785098e+00 -3.81468940e+00  8.39169684e+01 -1.00000008e-03 -3.96497697e+00 
 7.80312510e-02 -3.56847602e+01  2.96785229e+00 -3.81470251e+00  8.39169580e+01 -1.00000008e-03 -3.96497336e+00 
 7.80312510e-02 -3.56847556e+01  2.96785247e+00 -3.81470438e+00  8.39169565e+01 -1.00000008e-03 -3.96497284e+00 
 7.80312511e-02 -3.56847463e+01  2.96785284e+00 -3.81470812e+00  8.39169536e+01 -1.00000008e-03 -3.96497181e+00 
 7.80312513e-02 -3.56847278e+01  2.96785359e+00 -3.81471560e+00  8.39169477e+01 -1.00000008e-03 -3.96496975e+00 
 7.80312516e-02 -3.56846907e+01  2.96785508e+00 -3.81473055e+00  8.39169358e+01 -1.00000008e-03 -3.96496563e+00 
 7.80312522e-02 -3.56846165e+01  2.96785805e+00 -3.81476045e+00  8.39169122e+01 -1.00000008e-03 -3.96495739e+00 
 7.80312534e-02 -3.56844683e+01  2.96786400e+00 -3.81482026e+00  8.39168649e+01 -1.00000008e-03 -3.96494092e+00 
 7.80312559e-02 -3.56841720e+01  2.96787591e+00 -3.81493988e+00  8.39167702e+01 -1.00000008e-03 -3.96490800e+00 
 7.80312609e-02 -3.56835804e+01  2.96789972e+00 -3.81517911e+00  8.39165810e+01 -1.00000008e-03 -3.96484226e+00 
 7.80312708e-02 -3.56824007e+01  2.96794733e+00 -3.81565759e+00  8.39162024e+01 -1.00000008e-03 -3.96471119e+00 
 7.80312906e-02 -3.56800559e+01  2.96804256e+00 -3.81661456e+00  8.39154450e+01 -1.00000008e-03 -3.96445065e+00 
 7.80313303e-02 -3.56754238e+01  2.96823303e+00 -3.81852860e+00  8.39139298e+01 -1.00000008e-03 -3.96393597e+00 
 7.80314097e-02 -3.56663889e+01  2.96861396e+00 -3.82235705e+00  8.39108971e+01 -1.00000008e-03 -3.96293210e+00 
 7.80315659e-02 -3.56494867e+01  2.96936396e+00 -3.82989611e+00  8.39049173e+01 -1.00000008e-03 -3.96105408e+00 
 7.80317222e-02 -3.56337481e+01  2.97011396e+00 -3.83743678e+00  8.38989256e+01 -1.00000008e-03 -3.95930534e+00 
 7.80318784e-02 -3.56191573e+01  2.97086396e+00 -3.84497888e+00  8.38929221e+01 -1.00000008e-03 -3.95768414e+00 
 7.80320347e-02 -3.56056986e+01  2.97161396e+00 -3.85252224e+00  8.38869069e+01 -1.00000008e-03 -3.95618874e+00 
 7.80321909e-02 -3.55933568e+01  2.97236396e+00 -3.86006667e+00  8.38808799e+01 -1.00000008e-03 -3.95481742e+00 
 7.80323472e-02 -3.55821165e+01  2.97311396e+00 -3.86761200e+00  8.38748411e+01 -1.00000008e-03 -3.95356851e+00 
 7.80325034e-02 -3.55719629e+01  2.97386396e+00 -3.87515806e+00  8.38687905e+01 -1.00000008e-03 -3.95244032e+00 
 7.80326597e-02 -3.55628809e+01  2.97461396e+00 -3.88270468e+00  8.38627281e+01 -1.00000008e-03 -3.95143121e+00 
 7.80328159e-02 -3.55548560e+01  2.97536396e+00 -3.89025168e+00  8.38566539e+01 -1.00000008e-03 -3.95053956e+00 
 7.80329722e-02 -3.55478737e+01  2.97611396e+00 -3.89779891e+00  8.38505679e+01 -1.00000008e-03 -3.94976375e+00 
 7.80331284e-02 -3.55419198e+01  2.97686396e+00 -3.90534619e+00  8.38444701e+01 -1.00000008e-03 -3.94910220e+00 
 7.80332847e-02 -3.55369800e+01  2.97761396e+00 -3.91289337e+00  8.38383606e+01 -1.00000008e-03 -3.94855333e+00 
 7.80334409e-02 -3.55330404e+01  2.97836396e+00 -3.92044030e+00  8.38322392e+01 -1.00000008e-03 -3.94811560e+00 
 7.80335972e-02 -3.55300874e+01  2.97911396e+00 -3.92798680e+00  8.38261061e+01 -1.00000008e-03 -3.94778749e+00 
 7.80337534e-02 -3.55281072e+01  2.97986396e+00 -3.93553272e+00  8.38199611e+01 -1.00000008e-03 -3.94756746e+00 
 7.80339097e-02 -3.55270864e+01  2.98061396e+00 -3.94307792e+00  8.38138044e+01 -1.00000008e-03 -3.94745404e+00 
 7.80340659e-02 -3.55270118e+01  2.98136396e+00 -3.95062225e+00  8.38076359e+01 -1.00000008e-03 -3.94744575e+00 
 7.80342222e-02 -3.55278702e+01  2.98211396e+00 -3.95816555e+00  8.38014556e+01 -1.00000008e-03 -3.94754113e+00 
 7.80343784e-02 -3.55296487e+01  2.98286396e+00 -3.96570767e+00  8.37952635e+01 -1.00000008e-03 -3.94773875e+00 
 7.80345347e-02 -3.55323346e+01  2.98361396e+00 -3.97324848e+00  8.37890596e+01 -1.00000008e-03 -3.94803718e+00 
 7.80346909e-02 -3.55359152e+01  2.98436396e+00 -3.98078783e+00  8.37828440e+01 -1.00000008e-03 -3.94843502e+00 
 7.80348472e-02 -3.55403780e+01  2.98511396e+00 -3.98832557e+00  8.37766166e+01 -1.00000008e-03 -3.94893089e+00 
 7.80350034e-02 -3.55457107e+01  2.98586396e+00 -3.99586158e+00  8.37703773e+01 -1.00000008e-03 -3.94952341e+00 
 7.80351597e-02 -3.55519011e+01  2.98661396e+00 -4.00339571e+00  8.37641264e+01 -1.00000008e-03 -3.95021124e+00 
 7.80353159e-02 -3.55589373e+01  2.98736396e+00 -4.01092784e+00  8.37578636e+01 -1.00000008e-03 -3.95099304e+00 
 7.80354722e-02 -3.55668074e+01  2.98811396e+00 -4.01845781e+00  8.37515891e+01 -1.00000008e-03 -3.95186749e+00 
 7.80356284e-02 -3.55754996e+01  2.98886396e+00 -4.02598552e+00  8.37453028e+01 -1.00000008e-03 -3.95283328e+00 
 7.80357847e-02 -3.55850023e+01  2.98961396e+00 -4.03351081e+00  8.37390048e+01 -1.00000008e-03 -3.95388915e+00 
 7.80359409e-02 -3.55953042e+01  2.99036396e+00 -4.04103358e+00  8.37326950e+01 -1.00000008e-03 -3.95503380e+00 
 7.80360972e-02 -3.56063939e+01  2.99111396e+00 -4.04855368e+00  8.37263734e+01 -1.00000008e-03 -3.95626599e+00 
 7.80362534e-02 -3.56182604e+01  2.99186396e+00 -4.05607101e+00  8.37200401e+01 -1.00000008e-03 -3.95758449e+00 
 7.80364097e-02 -3.56308925e+01  2.99261396e+00 -4.06358543e+00  8.37136951e+01 -1.00000008e-03 -3.95898805e+00 
 7.80365659e-02 -3.56442794e+01  2.99336396e+00 -4.07109683e+00  8.37073383e+01 -1.00000008e-03 -3.96047549e+00 
 7.80367222e-02 -3.56584104e+01  2.99411396e+00 -4.07860508e+00  8.37009698e+01 -1.00000008e-03 -3.96204560e+00 
 7.80368784e-02 -3.56732748e+01  2.99486396e+00 -4.08611007e+00  8.36945895e+01 -1.00000008e-03 -3.96369720e+00 
 7.80370347e-02 -3.56888622e+01  2.99561396e+00 -4.09361168e+00  8.36881975e+01 -1.00000008e-03 -3.96542913e+00 
 7.80371909e-02 -3.57051622e+01  2.99636396e+00 -4.10110980e+00  8.36817939e+01 -1.00000008e-03 -3.96724024e+00 
 7.80373472e-02 -3.57221646e+01  2.99711396e+00 -4.10860432e+00  8.36753785e+01 -1.00000008e-03 -3.96912940e+00 
 7.80375034e-02 -3.57398593e+01  2.99786396e+00 -4.11609513e+00  8.36689513e+01 -1.00000008e-03 -3.97109548e+00 
 7.80376597e-02 -3.57582364e+01  2.99861396e+00 -4.12358211e+00  8.36625125e+01 -1.00000008e-03 -3.97313738e+00 
 7.80378038e-02 -3.57757805e+01  2.99930562e+00 -4.13048327e+00  8.36565642e+01 -1.00000008e-03 -3.97508672e+00 
 7.80379479e-02 -3.57938889e+01  2.99999729e+00 -4.13738101e+00  8.36506059e+01 -1.00000008e-03 -3.97709877e+00 
 7.80379480e-02 -3.57939017e+01  2.99999777e+00 -4.13738580e+00  8.36506017e+01 -1.00000008e-03 -3.97710019e+00 
 7.80379482e-02 -3.57939272e+01  2.99999873e+00 -4.13739537e+00  8.36505934e+01 -1.00000008e-03 -3.97710302e+00 
 7.80379484e-02 -3.57939527e+01  2.99999885e+00 -4.13739655e+00  8.36505923e+01  7.15126515e+00 -3.97710586e+00 
 7.80379486e-02 -3.57939846e+01  2.99999795e+00 -4.13738754e+00  8.36505998e+01  7.13846045e+00 -3.97710940e+00 
 7.80379489e-02 -3.57940165e+01  2.99999705e+00 -4.13737854e+00  8.36506073e+01  7.13738511e+00 -3.97711295e+00 
 7.80379489e-02 -3.57940229e+01  2.99999687e+00 -4.13737674e+00  8.36506088e+01  7.13737355e+00 -3.97711366e+00 
 7.80379490e-02 -3.57940357e+01  2.99999652e+00 -4.13737314e+00  8.36506118e+01  7.13736956e+00 -3.97711507e+00 
 7.80379492e-02 -3.57940612e+01  2.99999580e+00 -4.13736593e+00  8.36506178e+01  7.13736164e+00 -3.97711791e+00 
 7.80379496e-02 -3.57941122e+01  2.99999436e+00 -4.13735152e+00  8.36506298e+01  7.13734580e+00 -3.97712358e+00 
 7.80379504e-02 -3.57942143e+01  2.99999149e+00 -4.13732270e+00  8.36506538e+01  7.13731411e+00 -3.97713492e+00 
 7.80379520e-02 -3.57944183e+01  2.99998575e+00 -4.13726506e+00  8.36507018e+01  7.13725073e+00 -3.97715759e+00 
 7.80379552e-02 -3.57948260e+01  2.99997427e+00 -4.13714979e+00  8.36507978e+01  7.13712397e+00 -3.97720289e+00 
 7.80379616e-02 -3.57956402e+01  2.99995131e+00 -4.13691923e+00  8.36509898e+01  7.13687045e+00 -3.97729335e+00 
 7.80379744e-02 -3.57972637e+01  2.99990538e+00 -4.13645810e+00  8.36513738e+01  7.13636339e+00 -3.97747374e+00 
 7.80380000e-02 -3.58004911e+01  2.99981352e+00 -4.13553577e+00  8.36521418e+01  7.13534921e+00 -3.97783234e+00 
 7.80380512e-02 -3.58068677e+01  2.99962981e+00 -4.13369087e+00  8.36536776e+01  7.13332059e+00 -3.97854085e+00 
 7.80381536e-02 -3.58193101e+01  2.99926235e+00 -4.13000011e+00  8.36567490e+01  7.12926237e+00 -3.97992334e+00 
 7.80383099e-02 -3.58375038e+01  2.99870159e+00 -4.12436607e+00  8.36614350e+01  7.12306757e+00 -3.98194487e+00 
 7.80384661e-02 -3.58547516e+01  2.99814076e+00 -4.11872926e+00  8.36661200e+01  7.11686993e+00 -3.98386129e+00 
 7.80386224e-02 -3.58710661e+01  2.99757985e+00 -4.11308983e+00  8.36708041e+01  7.11066960e+00 -3.98567401e+00 
 7.80387786e-02 -3.58864596e+01  2.99701887e+00 -4.10744793e+00  8.36754874e+01  7.10446672e+00 -3.98738440e+00 
 7.80389349e-02 -3.59009447e+01  2.99645782e+00 -4.10180370e+00  8.36801698e+01  7.09826144e+00 -3.98899385e+00 
 7.80390911e-02 -3.59145334e+01  2.99589670e+00 -4.09615728e+00  8.36848514e+01  7.09205389e+00 -3.99050371e+00 
 7.80392474e-02 -3.59272379e+01  2.99533550e+00 -4.09050880e+00  8.36895320e+01  7.08584422e+00 -3.99191532e+00 
 7.80394036e-02 -3.59390700e+01  2.99477424e+00 -4.08485842e+00  8.36942118e+01  7.07963257e+00 -3.99323000e+00 
 7.80395599e-02 -3.59500414e+01  2.99421289e+00 -4.07920625e+00  8.36988907e+01  7.07341907e+00 -3.99444904e+00 
 7.80397161e-02 -3.59601638e+01  2.99365148e+00 -4.07355245e+00  8.37035687e+01  7.06720384e+00 -3.99557376e+00 
 7.80398724e-02 -3.59694486e+01  2.99308999e+00 -4.06789713e+00  8.37082458e+01  7.06098704e+00 -3.99660540e+00 
 7.80400286e-02 -3.59779072e+01  2.99252843e+00 -4.06224042e+00  8.37129221e+01  7.05476877e+00 -3.99754525e+00 
 7.80401849e-02 -3.59855507e+01  2.99196680e+00 -4.05658246e+00  8.37175975e+01  7.04854918e+00 -3.99839452e+00 
 7.80403411e-02 -3.59923902e+01  2.99140510e+00 -4.05092338e+00  8.37222720e+01  7.04232839e+00 -3.99915447e+00 
 7.80404974e-02 -3.59984365e+01  2.99084332e+00 -4.04526329e+00  8.37269456e+01  7.03610653e+00 -3.99982628e+00 
 7.80406536e-02 -3.60037005e+01  2.99028147e+00 -4.03960232e+00  8.37316184e+01  7.02988371e+00 -4.00041117e+00 
 7.80408099e-02 -3.60081928e+01  2.98971955e+00 -4.03394059e+00  8.37362903e+01  7.02366006e+00 -4.00091031e+00 
 7.80409661e-02 -3.60119239e+01  2.98915755e+00 -4.02827823e+00  8.37409613e+01  7.01743570e+00 -4.00132488e+00 
 7.80411224e-02 -3.60149041e+01  2.98859548e+00 -4.02261534e+00  8.37456314e+01  7.01121074e+00 -4.00165601e+00 
 7.80412786e-02 -3.60171438e+01  2.98803334e+00 -4.01695205e+00  8.37503006e+01  7.00498531e+00 -4.00190486e+00 
 7.80414349e-02 -3.60186530e+01  2.98747113e+00 -4.01128847e+00  8.37549690e+01  6.99875951e+00 -4.00207255e+00 
 7.80415911e-02 -3.60194417e+01  2.98690884e+00 -4.00562471e+00  8.37596365e+01  6.99253347e+00 -4.00216019e+00 
 7.80417474e-02 -3.60195199e+01  2.98634648e+00 -3.99996089e+00  8.37643031e+01  6.98630729e+00 -4.00216888e+00 
 7.80419036e-02 -3.60188972e+01  2.98578405e+00 -3.99429712e+00  8.37689688e+01  6.98008109e+00 -4.00209969e+00 
 7.80420599e-02 -3.60175833e+01  2.98522155e+00 -3.98863350e+00  8.37736336e+01  6.97385496e+00 -4.00195370e+00 
 7.80422161e-02 -3.60155878e+01  2.98465897e+00 -3.98297014e+00  8.37782976e+01  6.96762903e+00 -4.00173198e+00 
 7.80423724e-02 -3.60129200e+01  2.98409633e+00 -3.97730715e+00  8.37829607e+01  6.96140339e+00 -4.00143555e+00 
 7.80425286e-02 -3.60095891e+01  2.98353360e+00 -3.97164463e+00  8.37876229e+01  6.95517816e+00 -4.00106546e+00 
 7.80426849e-02 -3.60056044e+01  2.98297081e+00 -3.96598269e+00  8.37922842e+01  6.94895342e+00 -4.00062272e+00 
 7.80428411e-02 -3.60009750e+01  2.98240795e+00 -3.96032143e+00  8.37969447e+01  6.94272929e+00 -4.00010833e+00 
 7.80429974e-02 -3.59957097e+01  2.98184501e+00 -3.95466094e+00  8.38016043e+01  6.93650586e+00 -3.99952330e+00 
 7.80431536e-02 -3.59898174e+01  2.98128200e+00 -3.94900132e+00  8.38062630e+01  6.93028324e+00 -3.99886859e+00 
 7.80433099e-02 -3.59833067e+01  2.98071891e+00 -3.94334268e+00  8.38109208e+01  6.92406151e+00 -3.99814519e+00 
 7.80434661e-02 -3.59761865e+01  2.98015576e+00 -3.93768511e+00  8.38155777e+01  6.91784078e+00 -3.99735405e+00 
 7.80436224e-02 -3.59684650e+01  2.97959253e+00 -3.93202870e+00  8.38202338e+01  6.91162115e+00 -3.99649611e+00 
 7.80437786e-02 -3.59601508e+01  2.97902923e+00 -3.92637355e+00  8.38248889e+01  6.90540269e+00 -3.99557231e+00 
 7.80439349e-02 -3.59512521e+01  2.97846586e+00 -3.92071975e+00  8.38295432e+01  6.89918552e+00 -3.99458356e+00 
 7.80440911e-02 -3.59417771e+01  2.97790241e+00 -3.91506738e+00  8.38341966e+01  6.89296971e+00 -3.99353079e+00 
 7.80442474e-02 -3.59317339e+01  2.97733889e+00 -3.90941654e+00  8.38388492e+01  6.88675535e+00 -3.99241488e+00 
 7.80444036e-02 -3.59211306e+01  2.97677530e+00 -3.90376732e+00  8.38435008e+01  6.88054254e+00 -3.99123673e+00 
 7.80445599e-02 -3.59099750e+01  2.97621164e+00 -3.89811981e+00  8.38481516e+01  6.87433136e+00 -3.98999722e+00 
 7.80447161e-02 -3.58982749e+01  2.97564791e+00 -3.89247408e+00  8.38528015e+01  6.86812190e+00 -3.98869721e+00 
 7.80448724e-02 -3.58860379e+01  2.97508410e+00 -3.88683023e+00  8.38574505e+01  6.86191424e+00 -3.98733755e+00 
 7.80450286e-02 -3.58732718e+01  2.97452022e+00 -3.88118833e+00  8.38620986e+01  6.85570847e+00 -3.98591909e+00 
 7.80451849e-02 -3.58599841e+01  2.97395627e+00 -3.87554847e+00  8.38667459e+01  6.84950466e+00 -3.98444267e+00 
 7.80453411e-02 -3.58461820e+01  2.97339225e+00 -3.86991073e+00  8.38713922e+01  6.84330290e+00 -3.98290911e+00 
 7.80454974e-02 -3.58318731e+01  2.97282815e+00 -3.86427520e+00  8.38760377e+01  6.83710326e+00 -3.98131923e+00 
 7.80456536e-02 -3.58170644e+01  2.97226398e+00 -3.85864194e+00  8.38806823e+01  6.83090584e+00 -3.97967382e+00 
 7.80458099e-02 -3.58017632e+01  2.97169974e+00 -3.85301103e+00  8.38853260e+01  6.82471069e+00 -3.97797369e+00 
 7.80459661e-02 -3.57859765e+01  2.97113543e+00 -3.84738256e+00  8.38899689e+01  6.81851791e+00 -3.97621961e+00 
 7.80461224e-02 -3.57697112e+01  2.97057104e+00 -3.84175660e+00  8.38946108e+01  6.81232756e+00 -3.97441236e+00 
 7.80462786e-02 -3.57529744e+01  2.97000659e+00 -3.83613322e+00  8.38992519e+01  6.80613972e+00 -3.97255271e+00 
 7.80464349e-02 -3.57357727e+01  2.96944206e+00 -3.83051249e+00  8.39038921e+01  6.79995447e+00 -3.97064141e+00 
 7.80465911e-02 -3.57181128e+01  2.96887746e+00 -3.82489450e+00  8.39085314e+01  6.79377187e+00 -3.96867920e+00 
 7.80467331e-02 -3.57016790e+01  2.96836451e+00 -3.81979353e+00  8.39127450e+01  6.78815796e+00 -3.96685323e+00 
 7.80468750e-02 -3.56848776e+01  2.96785151e+00 -3.81469492e+00  8.39169579e+01  6.78254635e+00 -3.96498640e+00 
 7.80468751e-02 -3.56848656e+01  2.96785115e+00 -3.81469133e+00  8.39169608e+01  6.78254239e+00 -3.96498507e+00 
 7.80468753e-02 -3.56848417e+01  2.96785042e+00 -3.81468415e+00  8.39169668e+01  6.78253448e+00 -3.96498241e+00 
 7.80468754e-02 -3.56848357e+01  2.96785024e+00 -3.81468235e+00  8.39169683e+01  6.78253254e+00 -3.96498174e+00 
 7.80468754e-02 -3.56848252e+01  2.96784993e+00 -3.81467921e+00  8.39169709e+01  6.78252912e+00 -3.96498058e+00 
 7.80468755e-02 -3.56848136e+01  2.96784998e+00 -3.81467981e+00  8.39169704e+01 -1.00000008e-03 -3.96497929e+00 
 7.80468757e-02 -3.56847904e+01  2.96785091e+00 -3.81468915e+00  8.39169631e+01 -1.00000008e-03 -3.96497672e+00 
 7.80468760e-02 -3.56847579e+01  2.96785222e+00 -3.81470227e+00  8.39169527e+01 -1.00000008e-03 -3.96497310e+00 
 7.80468760e-02 -3.56847533e+01  2.96785240e+00 -3.81470413e+00  8.39169512e+01 -1.00000008e-03 -3.96497259e+00 
 7.80468761e-02 -3.56847440e+01  2.96785278e+00 -3.81470787e+00  8.39169482e+01 -1.00000008e-03 -3.96497156e+00 
 7.80468763e-02 -3.56847255e+01  2.96785352e+00 -3.81471535e+00  8.39169423e+01 -1.00000008e-03 -3.96496950e+00 
 7.80468766e-02 -3.56846884e+01  2.96785501e+00 -3.81473030e+00  8.39169305e+01 -1.00000008e-03 -3.96496537e+00 
 7.80468772e-02 -3.56846142e+01  2.96785798e+00 -3.81476020e+00  8.39169068e+01 -1.00000008e-03 -3.96495714e+00 
 7.80468784e-02 -3.56844660e+01  2.96786394e+00 -3.81482001e+00  8.39168595e+01 -1.00000008e-03 -3.96494066e+00 
 7.80468809e-02 -3.56841697e+01  2.96787584e+00 -3.81493963e+00  8.39167649e+01 -1.00000008e-03 -3.96490775e+00 
 7.80468859e-02 -3.56835781e+01  2.96789965e+00 -3.81517886e+00  8.39165756e+01 -1.00000008e-03 -3.96484201e+00 
 7.80468958e-02 -3.56823984e+01  2.96794726e+00 -3.81565734e+00  8.39161970e+01 -1.00000008e-03 -3.96471094e+00 
 7.80469156e-02 -3.56800536e+01  2.96804250e+00 -3.81661431e+00  8.39154397e+01 -1.00000008e-03 -3.96445040e+00 
 7.80469553e-02 -3.56754214e+01  2.96823296e+00 -3.81852836e+00  8.39139245e+01 -1.00000008e-03 -3.96393572e+00 
 7.80470347e-02 -3.56663866e+01  2.96861389e+00 -3.82235680e+00  8.39108918e+01 -1.00000008e-03 -3.96293184e+00 
 7.80471909e-02 -3.56494844e+01  2.96936389e+00 -3.82989586e+00  8.39049119e+01 -1.00000008e-03 -3.96105382e+00 
 7.80473472e-02 -3.56337458e+01  2.97011389e+00 -3.83743653e+00  8.38989202e+01 -1.00000008e-03 -3.95930509e+00 
 7.80475034e-02 -3.56191550e+01  2.97086389e+00 -3.84497863e+00  8.38929168e+01 -1.00000008e-03 -3.95768389e+00 
 7.80476597e-02 -3.56056963e+01  2.97161389e+00 -3.85252199e+00  8.38869016e+01 -1.00000008e-03 -3.95618848e+00 
 7.80478159e-02 -3.55933545e+01  2.97236389e+00 -3.86006642e+00  8.38808745e+01 -1.00000008e-03 -3.95481717e+00 
 7.80479722e-02 -3.55821143e+01  2.97311389e+00 -3.86761175e+00  8.38748357e+01 -1.00000008e-03 -3.95356825e+00 
 7.80481284e-02 -3.55719606e+01  2.97386389e+00 -3.87515781e+00  8.38687851e+01 -1.00000008e-03 -3.95244006e+00 
 7.80482847e-02 -3.55628786e+01  2.97461389e+00 -3.88270443e+00  8.38627227e+01 -1.00000008e-03 -3.95143096e+00 
 7.80484409e-02 -3.55548537e+01  2.97536389e+00 -3.89025143e+00  8.38566486e+01 -1.00000008e-03 -3.95053930e+00 
 7.80485972e-02 -3.55478715e+01  2.97611389e+00 -3.89779866e+00  8.38505626e+01 -1.00000008e-03 -3.94976349e+00 
 7.80487534e-02 -3.55419175e+01  2.97686389e+00 -3.90534594e+00  8.38444648e+01 -1.00000008e-03 -3.94910194e+00 
 7.80489097e-02 -3.55369777e+01  2.97761389e+00 -3.91289312e+00  8.38383552e+01 -1.00000008e-03 -3.94855308e+00 
 7.80490659e-02 -3.55330381e+01  2.97836389e+00 -3.92044004e+00  8.38322339e+01 -1.00000008e-03 -3.94811535e+00 
 7.80492222e-02 -3.55300851e+01  2.97911389e+00 -3.92798654e+00  8.38261007e+01 -1.00000008e-03 -3.94778723e+00 
 7.80493784e-02 -3.55281049e+01  2.97986389e+00 -3.93553247e+00  8.38199558e+01 -1.00000008e-03 -3.94756721e+00 
 7.80495347e-02 -3.55270841e+01  2.98061389e+00 -3.94307767e+00  8.38137991e+01 -1.00000008e-03 -3.94745379e+00 
 7.80496909e-02 -3.55270095e+01  2.98136389e+00 -3.95062199e+00  8.38076306e+01 -1.00000008e-03 -3.94744550e+00 
 7.80498472e-02 -3.55278679e+01  2.98211389e+00 -3.95816529e+00  8.38014503e+01 -1.00000008e-03 -3.94754088e+00 
 7.80500034e-02 -3.55296464e+01  2.98286389e+00 -3.96570742e+00  8.37952582e+01 -1.00000008e-03 -3.94773849e+00 
 7.80501597e-02 -3.55323323e+01  2.98361389e+00 -3.97324822e+00  8.37890543e+01 -1.00000008e-03 -3.94803692e+00 
 7.80503159e-02 -3.55359129e+01  2.98436389e+00 -3.98078757e+00  8.37828387e+01 -1.00000008e-03 -3.94843477e+00 
 7.80504722e-02 -3.55403757e+01  2.98511389e+00 -3.98832532e+00  8.37766112e+01 -1.00000008e-03 -3.94893063e+00 
 7.80506284e-02 -3.55457084e+01  2.98586389e+00 -3.99586132e+00  8.37703720e+01 -1.00000008e-03 -3.94952315e+00 
 7.80507847e-02 -3.55518988e+01  2.98661389e+00 -4.00339546e+00  8.37641210e+01 -1.00000008e-03 -3.95021098e+00 
 7.80509409e-02 -3.55589350e+01  2.98736389e+00 -4.01092758e+00  8.37578583e+01 -1.00000008e-03 -3.95099278e+00 
 7.80510972e-02 -3.55668051e+01  2.98811389e+00 -4.01845755e+00  8.37515838e+01 -1.00000008e-03 -3.95186723e+00 
 7.80512534e-02 -3.55754973e+01  2.98886389e+00 -4.02598526e+00  8.37452975e+01 -1.00000008e-03 -3.95283303e+00 
 7.80514097e-02 -3.55850000e+01  2.98961389e+00 -4.03351055e+00  8.37389994e+01 -1.00000008e-03 -3.95388889e+00 
 7.80515659e-02 -3.55953019e+01  2.99036389e+00 -4.04103332e+00  8.37326896e+01 -1.00000008e-03 -3.95503354e+00 
 7.80517222e-02 -3.56063916e+01  2.99111389e+00 -4.04855342e+00  8.37263681e+01 -1.00000008e-03 -3.95626574e+00 
 7.80518784e-02 -3.56182581e+01  2.99186389e+00 -4.05607075e+00  8.37200348e+01 -1.00000008e-03 -3.95758423e+00 
 7.80520347e-02 -3.56308902e+01  2.99261389e+00 -4.06358517e+00  8.37136897e+01 -1.00000008e-03 -3.95898780e+00 
 7.80521909e-02 -3.56442771e+01  2.99336389e+00 -4.07109656e+00  8.37073330e+01 -1.00000008e-03 -3.96047523e+00 
 7.80523472e-02 -3.56584081e+01  2.99411389e+00 -4.07860481e+00  8.37009644e+01 -1.00000008e-03 -3.96204534e+00 
 7.80525034e-02 -3.56732725e+01  2.99486389e+00 -4.08610980e+00  8.36945842e+01 -1.00000008e-03 -3.96369694e+00 
 7.80526597e-02 -3.56888599e+01  2.99561389e+00 -4.09361142e+00  8.36881922e+01 -1.00000008e-03 -3.96542887e+00 
 7.80528159e-02 -3.57051599e+01  2.99636389e+00 -4.10110954e+00  8.36817885e+01 -1.00000008e-03 -3.96723999e+00 
 7.80529722e-02 -3.57221623e+01  2.99711389e+00 -4.10860406e+00  8.36753731e+01 -1.00000008e-03 -3.96912915e+00 
 7.80531284e-02 -3.57398570e+01  2.99786389e+00 -4.11609486e+00  8.36689460e+01 -1.00000008e-03 -3.97109523e+00 
 7.80532847e-02 -3.57582341e+01  2.99861389e+00 -4.12358184e+00  8.36625072e+01 -1.00000008e-03 -3.97313712e+00 
 7.80534288e-02 -3.57757782e+01  2.99930555e+00 -4.13048301e+00  8.36565588e+01 -1.00000008e-03 -3.97508647e+00 
 7.80535729e-02 -3.57938866e+01  2.99999722e+00 -4.13738074e+00  8.36506005e+01 -1.00000008e-03 -3.97709851e+00 
 7.80535730e-02 -3.57938994e+01  2.99999770e+00 -4.13738553e+00  8.36505964e+01 -1.00000008e-03 -3.97709993e+00 
 7.80535732e-02 -3.57939249e+01  2.99999866e+00 -4.13739510e+00  8.36505881e+01 -1.00000008e-03 -3.97710277e+00 
 7.80535734e-02 -3.57939504e+01  2.99999878e+00 -4.13739628e+00  8.36505870e+01  7.15126480e+00 -3.97710560e+00 
 7.80535736e-02 -3.57939823e+01  2.99999788e+00 -4.13738728e+00  8.36505945e+01  7.13846010e+00 -3.97710915e+00 
 7.80535739e-02 -3.57940142e+01  2.99999699e+00 -4.13737827e+00  8.36506020e+01  7.13738478e+00 -3.97711269e+00 
 7.80535739e-02 -3.57940206e+01  2.99999681e+00 -4.13737647e+00  8.36506035e+01  7.13737319e+00 -3.97711340e+00 
 7.80535740e-02 -3.57940334e+01  2.99999645e+00 -4.13737287e+00  8.36506065e+01  7.13736923e+00 -3.97711482e+00 
 7.80535742e-02 -3.57940589e+01  2.99999573e+00 -4.13736566e+00  8.36506125e+01  7.13736130e+00 -3.97711765e+00 
 7.80535746e-02 -3.57941099e+01  2.99999429e+00 -4.13735125e+00  8.36506245e+01  7.13734546e+00 -3.97712332e+00 
 7.80535754e-02 -3.57942119e+01  2.99999142e+00 -4.13732244e+00  8.36506485e+01  7.13731378e+00 -3.97713466e+00 
 7.80535770e-02 -3.57944160e+01  2.99998568e+00 -4.13726480e+00  8.36506965e+01  7.13725040e+00 -3.97715733e+00 
 7.80535802e-02 -3.57948237e+01  2.99997420e+00 -4.13714952e+00  8.36507925e+01  7.13712364e+00 -3.97720263e+00 
 7.80535866e-02 -3.57956379e+01  2.99995124e+00 -4.13691896e+00  8.36509845e+01  7.13687012e+00 -3.97729310e+00 
 7.80535994e-02 -3.57972614e+01  2.99990531e+00 -4.13645783e+00  8.36513685e+01  7.13636306e+00 -3.97747348e+00 
 7.80536250e-02 -3.58004887e+01  2.99981345e+00 -4.13553550e+00  8.36521364e+01  7.13534887e+00 -3.97783208e+00 
 7.80536762e-02 -3.58068654e+01  2.99962974e+00 -4.13369060e+00  8.36536723e+01  7.13332026e+00 -3.97854060e+00 
 7.80537786e-02 -3.58193077e+01  2.99926228e+00 -4.12999984e+00  8.36567437e+01  7.12926204e+00 -3.97992308e+00 
 7.80539349e-02 -3.58375015e+01  2.99870152e+00 -4.12436580e+00  8.36614296e+01  7.12306724e+00 -3.98194462e+00 
 7.80540911e-02 -3.58547493e+01  2.99814069e+00 -4.11872899e+00  8.36661147e+01  7.11686960e+00 -3.98386104e+00 
 7.80542474e-02 -3.58710637e+01  2.99757978e+00 -4.11308957e+00  8.36707988e+01  7.11066926e+00 -3.98567375e+00 
 7.80544036e-02 -3.58864573e+01  2.99701881e+00 -4.10744766e+00  8.36754821e+01  7.10446639e+00 -3.98738415e+00 
 7.80545599e-02 -3.59009424e+01  2.99645776e+00 -4.10180343e+00  8.36801645e+01  7.09826110e+00 -3.98899360e+00 
 7.80547161e-02 -3.59145311e+01  2.99589663e+00 -4.09615701e+00  8.36848460e+01  7.09205356e+00 -3.99050346e+00 
 7.80548724e-02 -3.59272356e+01  2.99533544e+00 -4.09050854e+00  8.36895267e+01  7.08584389e+00 -3.99191506e+00 
 7.80550286e-02 -3.59390676e+01  2.99477417e+00 -4.08485815e+00  8.36942065e+01  7.07963224e+00 -3.99322974e+00 
 7.80551849e-02 -3.59500391e+01  2.99421283e+00 -4.07920599e+00  8.36988854e+01  7.07341873e+00 -3.99444879e+00 
 7.80553411e-02 -3.59601615e+01  2.99365141e+00 -4.07355218e+00  8.37035634e+01  7.06720351e+00 -3.99557350e+00 
 7.80554974e-02 -3.59694463e+01  2.99308993e+00 -4.06789686e+00  8.37082405e+01  7.06098671e+00 -3.99660515e+00 
 7.80556536e-02 -3.59779049e+01  2.99252837e+00 -4.06224016e+00  8.37129168e+01  7.05476844e+00 -3.99754499e+00 
 7.80558099e-02 -3.59855484e+01  2.99196673e+00 -4.05658220e+00  8.37175922e+01  7.04854885e+00 -3.99839427e+00 
 7.80559661e-02 -3.59923879e+01  2.99140503e+00 -4.05092312e+00  8.37222667e+01  7.04232806e+00 -3.99915421e+00 
 7.80561224e-02 -3.59984342e+01  2.99084325e+00 -4.04526303e+00  8.37269403e+01  7.03610620e+00 -3.99982602e+00 
 7.80562786e-02 -3.60036982e+01  2.99028140e+00 -4.03960206e+00  8.37316131e+01  7.02988338e+00 -4.00041091e+00 
 7.80564349e-02 -3.60081905e+01  2.98971948e+00 -4.03394033e+00  8.37362849e+01  7.02365973e+00 -4.00091005e+00 
 7.80565911e-02 -3.60119216e+01  2.98915748e+00 -4.02827797e+00  8.37409559e+01  7.01743537e+00 -4.00132462e+00 
 7.80567474e-02 -3.60149018e+01  2.98859542e+00 -4.02261508e+00  8.37456261e+01  7.01121041e+00 -4.00165576e+00 
 7.80569036e-02 -3.60171415e+01  2.98803328e+00 -4.01695179e+00  8.37502953e+01  7.00498498e+00 -4.00190461e+00 
 7.80570599e-02 -3.60186507e+01  2.98747106e+00 -4.01128821e+00  8.37549637e+01  6.99875919e+00 -4.00207229e+00 
 7.80572161e-02 -3.60194394e+01  2.98690878e+00 -4.00562445e+00  8.37596311e+01  6.99253315e+00 -4.00215993e+00 
 7.80573724e-02 -3.60195176e+01  2.98634642e+00 -3.99996063e+00  8.37642977e+01  6.98630697e+00 -4.00216862e+00 
 7.80575286e-02 -3.60188949e+01  2.98578399e+00 -3.99429686e+00  8.37689635e+01  6.98008076e+00 -4.00209943e+00 
 7.80576849e-02 -3.60175810e+01  2.98522148e+00 -3.98863324e+00  8.37736283e+01  6.97385464e+00 -4.00195345e+00 
 7.80578411e-02 -3.60155855e+01  2.98465891e+00 -3.98296988e+00  8.37782923e+01  6.96762871e+00 -4.00173172e+00 
 7.80579974e-02 -3.60129176e+01  2.98409626e+00 -3.97730690e+00  8.37829554e+01  6.96140307e+00 -4.00143529e+00 
 7.80581536e-02 -3.60095868e+01  2.98353354e+00 -3.97164438e+00  8.37876176e+01  6.95517783e+00 -4.00106520e+00 
 7.80583099e-02 -3.60056021e+01  2.98297075e+00 -3.96598244e+00  8.37922789e+01  6.94895310e+00 -4.00062246e+00 
 7.80584661e-02 -3.60009727e+01  2.98240788e+00 -3.96032117e+00  8.37969394e+01  6.94272897e+00 -4.00010807e+00 
 7.80586224e-02 -3.59957074e+01  2.98184494e+00 -3.95466068e+00  8.38015989e+01  6.93650554e+00 -3.99952304e+00 
 7.80587786e-02 -3.59898150e+01  2.98128193e+00 -3.94900107e+00  8.38062576e+01  6.93028292e+00 -3.99886834e+00 
 7.80589349e-02 -3.59833044e+01  2.98071885e+00 -3.94334243e+00  8.38109155e+01  6.92406119e+00 -3.99814494e+00 
 7.80590911e-02 -3.59761841e+01  2.98015569e+00 -3.93768486e+00  8.38155724e+01  6.91784046e+00 -3.99735379e+00 
 7.80592474e-02 -3.59684627e+01  2.97959246e+00 -3.93202845e+00  8.38202284e+01  6.91162083e+00 -3.99649585e+00 
 7.80594036e-02 -3.59601485e+01  2.97902916e+00 -3.92637330e+00  8.38248836e+01  6.90540238e+00 -3.99557205e+00 
 7.80595599e-02 -3.59512498e+01  2.97846579e+00 -3.92071949e+00  8.38295379e+01  6.89918520e+00 -3.99458331e+00 
 7.80597161e-02 -3.59417748e+01  2.97790234e+00 -3.91506713e+00  8.38341913e+01  6.89296939e+00 -3.99353053e+00 
 7.80598724e-02 -3.59317316e+01  2.97733883e+00 -3.90941629e+00  8.38388438e+01  6.88675503e+00 -3.99241463e+00 
 7.80600286e-02 -3.59211283e+01  2.97677524e+00 -3.90376707e+00  8.38434955e+01  6.88054222e+00 -3.99123648e+00 
 7.80601849e-02 -3.59099727e+01  2.97621158e+00 -3.89811956e+00  8.38481463e+01  6.87433105e+00 -3.98999696e+00 
 7.80603411e-02 -3.58982725e+01  2.97564784e+00 -3.89247383e+00  8.38527962e+01  6.86812159e+00 -3.98869695e+00 
 7.80604974e-02 -3.58860356e+01  2.97508403e+00 -3.88682998e+00  8.38574452e+01  6.86191393e+00 -3.98733729e+00 
 7.80606536e-02 -3.58732695e+01  2.97452016e+00 -3.88118808e+00  8.38620933e+01  6.85570815e+00 -3.98591884e+00 
 7.80608099e-02 -3.58599817e+01  2.97395620e+00 -3.87554822e+00  8.38667405e+01  6.84950434e+00 -3.98444242e+00 
 7.80609661e-02 -3.58461797e+01  2.97339218e+00 -3.86991048e+00  8.38713869e+01  6.84330258e+00 -3.98290886e+00 
 7.80611224e-02 -3.58318707e+01  2.97282809e+00 -3.86427495e+00  8.38760324e+01  6.83710295e+00 -3.98131897e+00 
 7.80612786e-02 -3.58170621e+01  2.97226392e+00 -3.85864169e+00  8.38806770e+01  6.83090552e+00 -3.97967356e+00 
 7.80614349e-02 -3.58017609e+01  2.97169968e+00 -3.85301079e+00  8.38853207e+01  6.82471038e+00 -3.97797343e+00 
 7.80615911e-02 -3.57859742e+01  2.97113537e+00 -3.84738232e+00  8.38899636e+01  6.81851760e+00 -3.97621935e+00 
 7.80617474e-02 -3.57697089e+01  2.97057098e+00 -3.84175635e+00  8.38946055e+01  6.81232725e+00 -3.97441210e+00 
 7.80619036e-02 -3.57529721e+01  2.97000652e+00 -3.83613297e+00  8.38992466e+01  6.80613941e+00 -3.97255245e+00 
 7.80620599e-02 -3.57357704e+01  2.96944200e+00 -3.83051225e+00  8.39038868e+01  6.79995416e+00 -3.97064115e+00 
 7.80622161e-02 -3.57181105e+01  2.96887739e+00 -3.82489425e+00  8.39085261e+01  6.79377156e+00 -3.96867895e+00 
 7.80623581e-02 -3.57016767e+01  2.96836445e+00 -3.81979328e+00  8.39127397e+01  6.78815765e+00 -3.96685297e+00 
 7.80625000e-02 -3.56848753e+01  2.96785144e+00 -3.81469468e+00  8.39169525e+01  6.78254604e+00 -3.96498614e+00 
 7.80625001e-02 -3.56848633e+01  2.96785108e+00 -3.81469109e+00  8.39169555e+01  6.78254207e+00 -3.96498481e+00 
 7.80625003e-02 -3.56848394e+01  2.96785036e+00 -3.81468390e+00  8.39169614e+01  6.78253418e+00 -3.96498215e+00 
 7.80625004e-02 -3.56848334e+01  2.96785018e+00 -3.81468211e+00  8.39169629e+01  6.78253220e+00 -3.96498149e+00 
 7.80625004e-02 -3.56848229e+01  2.96784986e+00 -3.81467897e+00  8.39169655e+01  6.78252877e+00 -3.96498032e+00 
 7.80625005e-02 -3.56848113e+01  2.96784992e+00 -3.81467956e+00  8.39169651e+01 -1.00000008e-03 -3.96497904e+00 
 7.80625007e-02 -3.56847881e+01  2.96785085e+00 -3.81468891e+00  8.39169577e+01 -1.00000008e-03 -3.96497646e+00 
 7.80625010e-02 -3.56847556e+01  2.96785215e+00 -3.81470202e+00  8.39169473e+01 -1.00000008e-03 -3.96497285e+00 
 7.80625010e-02 -3.56847510e+01  2.96785234e+00 -3.81470389e+00  8.39169459e+01 -1.00000008e-03 -3.96497233e+00 
 7.80625011e-02 -3.56847417e+01  2.96785271e+00 -3.81470763e+00  8.39169429e+01 -1.00000008e-03 -3.96497130e+00 
 7.80625013e-02 -3.56847232e+01  2.96785346e+00 -3.81471510e+00  8.39169370e+01 -1.00000008e-03 -3.96496924e+00 
 7.80625016e-02 -3.56846861e+01  2.96785494e+00 -3.81473006e+00  8.39169252e+01 -1.00000008e-03 -3.96496512e+00 
 7.80625022e-02 -3.56846119e+01  2.96785792e+00 -3.81475996e+00  8.39169015e+01 -1.00000008e-03 -3.96495688e+00 
 7.80625034e-02 -3.56844637e+01  2.96786387e+00 -3.81481977e+00  8.39168542e+01 -1.00000008e-03 -3.96494041e+00 
 7.80625059e-02 -3.56841674e+01  2.96787578e+00 -3.81493938e+00  8.39167596e+01 -1.00000008e-03 -3.96490749e+00 
 7.80625109e-02 -3.56835758e+01  2.96789958e+00 -3.81517862e+00  8.39165703e+01 -1.00000008e-03 -3.96484175e+00 
 7.80625208e-02 -3.56823961e+01  2.96794720e+00 -3.81565709e+00  8.39161917e+01 -1.00000008e-03 -3.96471068e+00 
 7.80625406e-02 -3.56800513e+01  2.96804243e+00 -3.81661407e+00  8.39154344e+01 -1.00000008e-03 -3.96445014e+00 
 7.80625803e-02 -3.56754191e+01  2.96823290e+00 -3.81852811e+00  8.39139192e+01 -1.00000008e-03 -3.96393546e+00 
 7.80626597e-02 -3.56663843e+01  2.96861382e+00 -3.82235655e+00  8.39108865e+01 -1.00000008e-03 -3.96293159e+00 
 7.80628159e-02 -3.56494821e+01  2.96936382e+00 -3.82989561e+00  8.39049066e+01 -1.00000008e-03 -3.96105357e+00 
 7.80629722e-02 -3.56337435e+01  2.97011382e+00 -3.83743628e+00  8.38989149e+01 -1.00000008e-03 -3.95930483e+00 
 7.80631284e-02 -3.56191527e+01  2.97086382e+00 -3.84497839e+00  8.38929115e+01 -1.00000008e-03 -3.95768363e+00 
 7.80632847e-02 -3.56056940e+01  2.97161382e+00 -3.85252174e+00  8.38868962e+01 -1.00000008e-03 -3.95618823e+00 
 7.80634409e-02 -3.55933522e+01  2.97236382e+00 -3.86006617e+00  8.38808692e+01 -1.00000008e-03 -3.95481691e+00 
 7.80635972e-02 -3.55821120e+01  2.97311382e+00 -3.86761151e+00  8.38748304e+01 -1.00000008e-03 -3.95356800e+00 
 7.80637534e-02 -3.55719583e+01  2.97386382e+00 -3.87515756e+00  8.38687798e+01 -1.00000008e-03 -3.95243981e+00 
 7.80639097e-02 -3.55628763e+01  2.97461382e+00 -3.88270418e+00  8.38627174e+01 -1.00000008e-03 -3.95143070e+00 
 7.80640659e-02 -3.55548514e+01  2.97536382e+00 -3.89025118e+00  8.38566432e+01 -1.00000008e-03 -3.95053905e+00 
 7.80642222e-02 -3.55478692e+01  2.97611382e+00 -3.89779841e+00  8.38505573e+01 -1.00000008e-03 -3.94976324e+00 
 7.80643784e-02 -3.55419152e+01  2.97686382e+00 -3.90534569e+00  8.38444595e+01 -1.00000008e-03 -3.94910169e+00 
 7.80645347e-02 -3.55369754e+01  2.97761382e+00 -3.91289287e+00  8.38383499e+01 -1.00000008e-03 -3.94855282e+00 
 7.80646909e-02 -3.55330359e+01  2.97836382e+00 -3.92043979e+00  8.38322286e+01 -1.00000008e-03 -3.94811510e+00 
 7.80648472e-02 -3.55300828e+01  2.97911382e+00 -3.92798629e+00  8.38260954e+01 -1.00000008e-03 -3.94778698e+00 
 7.80650034e-02 -3.55281026e+01  2.97986382e+00 -3.93553222e+00  8.38199505e+01 -1.00000008e-03 -3.94756695e+00 
 7.80651597e-02 -3.55270818e+01  2.98061382e+00 -3.94307742e+00  8.38137938e+01 -1.00000008e-03 -3.94745353e+00 
 7.80653159e-02 -3.55270072e+01  2.98136382e+00 -3.95062174e+00  8.38076252e+01 -1.00000008e-03 -3.94744524e+00 
 7.80654722e-02 -3.55278656e+01  2.98211382e+00 -3.95816504e+00  8.38014449e+01 -1.00000008e-03 -3.94754062e+00 
 7.80656284e-02 -3.55296442e+01  2.98286382e+00 -3.96570716e+00  8.37952529e+01 -1.00000008e-03 -3.94773824e+00 
 7.80657847e-02 -3.55323300e+01  2.98361382e+00 -3.97324797e+00  8.37890490e+01 -1.00000008e-03 -3.94803667e+00 
 7.80659409e-02 -3.55359106e+01  2.98436382e+00 -3.98078731e+00  8.37828333e+01 -1.00000008e-03 -3.94843451e+00 
 7.80660972e-02 -3.55403734e+01  2.98511382e+00 -3.98832506e+00  8.37766059e+01 -1.00000008e-03 -3.94893038e+00 
 7.80662534e-02 -3.55457061e+01  2.98586382e+00 -3.99586107e+00  8.37703667e+01 -1.00000008e-03 -3.94952290e+00 
 7.80664097e-02 -3.55518966e+01  2.98661382e+00 -4.00339520e+00  8.37641157e+01 -1.00000008e-03 -3.95021073e+00 
 7.80665659e-02 -3.55589327e+01  2.98736382e+00 -4.01092732e+00  8.37578530e+01 -1.00000008e-03 -3.95099253e+00 
 7.80667222e-02 -3.55668028e+01  2.98811382e+00 -4.01845730e+00  8.37515784e+01 -1.00000008e-03 -3.95186698e+00 
 7.80668784e-02 -3.55754950e+01  2.98886382e+00 -4.02598500e+00  8.37452922e+01 -1.00000008e-03 -3.95283277e+00 
 7.80670347e-02 -3.55849977e+01  2.98961382e+00 -4.03351029e+00  8.37389941e+01 -1.00000008e-03 -3.95388864e+00 
 7.80671909e-02 -3.55952996e+01  2.99036382e+00 -4.04103306e+00  8.37326843e+01 -1.00000008e-03 -3.95503329e+00 
 7.80673472e-02 -3.56063893e+01  2.99111382e+00 -4.04855316e+00  8.37263628e+01 -1.00000008e-03 -3.95626548e+00 
 7.80675034e-02 -3.56182558e+01  2.99186382e+00 -4.05607049e+00  8.37200295e+01 -1.00000008e-03 -3.95758397e+00 
 7.80676597e-02 -3.56308879e+01  2.99261382e+00 -4.06358491e+00  8.37136844e+01 -1.00000008e-03 -3.95898754e+00 
 7.80678159e-02 -3.56442748e+01  2.99336382e+00 -4.07109630e+00  8.37073276e+01 -1.00000008e-03 -3.96047498e+00 
 7.80679722e-02 -3.56584058e+01  2.99411382e+00 -4.07860455e+00  8.37009591e+01 -1.00000008e-03 -3.96204508e+00 
 7.80681284e-02 -3.56732702e+01  2.99486382e+00 -4.08610954e+00  8.36945789e+01 -1.00000008e-03 -3.96369669e+00 
 7.80682847e-02 -3.56888576e+01  2.99561382e+00 -4.09361115e+00  8.36881869e+01 -1.00000008e-03 -3.96542862e+00 
 7.80684409e-02 -3.57051576e+01  2.99636382e+00 -4.10110927e+00  8.36817832e+01 -1.00000008e-03 -3.96723973e+00 
 7.80685972e-02 -3.57221600e+01  2.99711382e+00 -4.10860379e+00  8.36753678e+01 -1.00000008e-03 -3.96912889e+00 
 7.80687534e-02 -3.57398547e+01  2.99786382e+00 -4.11609460e+00  8.36689407e+01 -1.00000008e-03 -3.97109497e+00 
 7.80689097e-02 -3.57582318e+01  2.99861382e+00 -4.12358158e+00  8.36625019e+01 -1.00000008e-03 -3.97313687e+00 
 7.80690538e-02 -3.57757759e+01  2.99930549e+00 -4.13048274e+00  8.36565535e+01 -1.00000008e-03 -3.97508621e+00 
 7.80691979e-02 -3.57938843e+01  2.99999715e+00 -4.13738048e+00  8.36505952e+01 -1.00000008e-03 -3.97709825e+00 
 7.80691980e-02 -3.57938971e+01  2.99999763e+00 -4.13738526e+00  8.36505911e+01 -1.00000008e-03 -3.97709967e+00 
 7.80691982e-02 -3.57939226e+01  2.99999859e+00 -4.13739483e+00  8.36505828e+01 -1.00000008e-03 -3.97710251e+00 
 7.80691984e-02 -3.57939481e+01  2.99999872e+00 -4.13739602e+00  8.36505817e+01  7.15126448e+00 -3.97710534e+00 
 7.80691986e-02 -3.57939800e+01  2.99999782e+00 -4.13738701e+00  8.36505892e+01  7.13845979e+00 -3.97710889e+00 
 7.80691989e-02 -3.57940119e+01  2.99999692e+00 -4.13737801e+00  8.36505967e+01  7.13738445e+00 -3.97711243e+00 
 7.80691989e-02 -3.57940183e+01  2.99999674e+00 -4.13737621e+00  8.36505982e+01  7.13737290e+00 -3.97711314e+00 
 7.80691990e-02 -3.57940310e+01  2.99999638e+00 -4.13737260e+00  8.36506012e+01  7.13736895e+00 -3.97711456e+00 
 7.80691992e-02 -3.57940566e+01  2.99999567e+00 -4.13736540e+00  8.36506072e+01  7.13736096e+00 -3.97711740e+00 
 7.80691996e-02 -3.57941076e+01  2.99999423e+00 -4.13735099e+00  8.36506192e+01  7.13734514e+00 -3.97712307e+00 
 7.80692004e-02 -3.57942096e+01  2.99999136e+00 -4.13732217e+00  8.36506432e+01  7.13731345e+00 -3.97713440e+00 
 7.80692020e-02 -3.57944137e+01  2.99998562e+00 -4.13726453e+00  8.36506912e+01  7.13725007e+00 -3.97715707e+00 
 7.80692052e-02 -3.57948214e+01  2.99997414e+00 -4.13714925e+00  8.36507872e+01  7.13712331e+00 -3.97720237e+00 
 7.80692116e-02 -3.57956356e+01  2.99995117e+00 -4.13691870e+00  8.36509792e+01  7.13686979e+00 -3.97729284e+00 
 7.80692244e-02 -3.57972591e+01  2.99990525e+00 -4.13645756e+00  8.36513632e+01  7.13636273e+00 -3.97747323e+00 
 7.80692500e-02 -3.58004864e+01  2.99981339e+00 -4.13553524e+00  8.36521311e+01  7.13534854e+00 -3.97783183e+00 
 7.80693012e-02 -3.58068631e+01  2.99962967e+00 -4.13369034e+00  8.36536670e+01  7.13331993e+00 -3.97854034e+00 
 7.80694036e-02 -3.58193054e+01  2.99926221e+00 -4.12999958e+00  8.36567384e+01  7.12926171e+00 -3.97992283e+00 
 7.80695599e-02 -3.58374992e+01  2.99870145e+00 -4.12436554e+00  8.36614243e+01  7.12306691e+00 -3.98194436e+00 
 7.80697161e-02 -3.58547470e+01  2.99814062e+00 -4.11872873e+00  8.36661094e+01  7.11686927e+00 -3.98386078e+00 
 7.80698724e-02 -3.58710614e+01  2.99757972e+00 -4.11308930e+00  8.36707935e+01  7.11066894e+00 -3.98567349e+00 
 7.80700286e-02 -3.58864550e+01  2.99701874e+00 -4.10744740e+00  8.36754768e+01  7.10446606e+00 -3.98738389e+00 
 7.80701849e-02 -3.59009401e+01  2.99645769e+00 -4.10180317e+00  8.36801592e+01  7.09826078e+00 -3.98899334e+00 
 7.80703411e-02 -3.59145288e+01  2.99589657e+00 -4.09615675e+00  8.36848407e+01  7.09205323e+00 -3.99050320e+00 
 7.80704974e-02 -3.59272333e+01  2.99533537e+00 -4.09050828e+00  8.36895214e+01  7.08584357e+00 -3.99191481e+00 
 7.80706536e-02 -3.59390653e+01  2.99477411e+00 -4.08485789e+00  8.36942011e+01  7.07963191e+00 -3.99322948e+00 
 7.80708099e-02 -3.59500368e+01  2.99421276e+00 -4.07920573e+00  8.36988800e+01  7.07341841e+00 -3.99444853e+00 
 7.80709661e-02 -3.59601592e+01  2.99365135e+00 -4.07355192e+00  8.37035581e+01  7.06720319e+00 -3.99557324e+00 
 7.80711224e-02 -3.59694440e+01  2.99308986e+00 -4.06789660e+00  8.37082352e+01  7.06098638e+00 -3.99660489e+00 
 7.80712786e-02 -3.59779026e+01  2.99252830e+00 -4.06223990e+00  8.37129115e+01  7.05476812e+00 -3.99754473e+00 
 7.80714349e-02 -3.59855461e+01  2.99196667e+00 -4.05658194e+00  8.37175869e+01  7.04854853e+00 -3.99839401e+00 
 7.80715911e-02 -3.59923856e+01  2.99140497e+00 -4.05092286e+00  8.37222614e+01  7.04232774e+00 -3.99915395e+00 
 7.80717474e-02 -3.59984319e+01  2.99084319e+00 -4.04526277e+00  8.37269350e+01  7.03610588e+00 -3.99982577e+00 
 7.80719036e-02 -3.60036959e+01  2.99028134e+00 -4.03960180e+00  8.37316077e+01  7.02988306e+00 -4.00041066e+00 
 7.80720599e-02 -3.60081882e+01  2.98971942e+00 -4.03394007e+00  8.37362796e+01  7.02365941e+00 -4.00090980e+00 
 7.80722161e-02 -3.60119192e+01  2.98915742e+00 -4.02827771e+00  8.37409506e+01  7.01743505e+00 -4.00132436e+00 
 7.80723724e-02 -3.60148995e+01  2.98859535e+00 -4.02261482e+00  8.37456207e+01  7.01121009e+00 -4.00165550e+00 
 7.80725286e-02 -3.60171391e+01  2.98803321e+00 -4.01695153e+00  8.37502900e+01  7.00498466e+00 -4.00190435e+00 
 7.80726849e-02 -3.60186483e+01  2.98747100e+00 -4.01128795e+00  8.37549583e+01  6.99875887e+00 -4.00207204e+00 
 7.80728411e-02 -3.60194371e+01  2.98690871e+00 -4.00562420e+00  8.37596258e+01  6.99253283e+00 -4.00215967e+00 
 7.80729974e-02 -3.60195152e+01  2.98634636e+00 -3.99996038e+00  8.37642924e+01  6.98630665e+00 -4.00216836e+00 
 7.80731536e-02 -3.60188926e+01  2.98578393e+00 -3.99429660e+00  8.37689582e+01  6.98008045e+00 -4.00209917e+00 
 7.80733099e-02 -3.60175787e+01  2.98522142e+00 -3.98863298e+00  8.37736230e+01  6.97385432e+00 -4.00195319e+00 
 7.80734661e-02 -3.60155831e+01  2.98465885e+00 -3.98296963e+00  8.37782870e+01  6.96762839e+00 -4.00173146e+00 
 7.80736224e-02 -3.60129153e+01  2.98409620e+00 -3.97730664e+00  8.37829501e+01  6.96140275e+00 -4.00143503e+00 
 7.80737786e-02 -3.60095845e+01  2.98353348e+00 -3.97164412e+00  8.37876123e+01  6.95517752e+00 -4.00106494e+00 
 7.80739349e-02 -3.60055998e+01  2.98297068e+00 -3.96598218e+00  8.37922736e+01  6.94895278e+00 -4.00062220e+00 
 7.80740911e-02 -3.60009703e+01  2.98240782e+00 -3.96032092e+00  8.37969341e+01  6.94272865e+00 -4.00010782e+00 
 7.80742474e-02 -3.59957050e+01  2.98184488e+00 -3.95466043e+00  8.38015936e+01  6.93650522e+00 -3.99952278e+00 
 7.80744036e-02 -3.59898127e+01  2.98128187e+00 -3.94900082e+00  8.38062523e+01  6.93028260e+00 -3.99886808e+00 
 7.80745599e-02 -3.59833021e+01  2.98071879e+00 -3.94334218e+00  8.38109101e+01  6.92406088e+00 -3.99814468e+00 
 7.80747161e-02 -3.59761818e+01  2.98015563e+00 -3.93768460e+00  8.38155671e+01  6.91784015e+00 -3.99735354e+00 
 7.80748724e-02 -3.59684604e+01  2.97959240e+00 -3.93202820e+00  8.38202231e+01  6.91162051e+00 -3.99649560e+00 
 7.80750286e-02 -3.59601461e+01  2.97902910e+00 -3.92637304e+00  8.38248783e+01  6.90540206e+00 -3.99557179e+00 
 7.80751849e-02 -3.59512474e+01  2.97846573e+00 -3.92071924e+00  8.38295326e+01  6.89918489e+00 -3.99458305e+00 
 7.80753411e-02 -3.59417725e+01  2.97790228e+00 -3.91506688e+00  8.38341860e+01  6.89296908e+00 -3.99353027e+00 
 7.80754974e-02 -3.59317293e+01  2.97733877e+00 -3.90941604e+00  8.38388385e+01  6.88675472e+00 -3.99241437e+00 
 7.80756536e-02 -3.59211260e+01  2.97677518e+00 -3.90376682e+00  8.38434902e+01  6.88054191e+00 -3.99123622e+00 
 7.80758099e-02 -3.59099704e+01  2.97621152e+00 -3.89811930e+00  8.38481410e+01  6.87433074e+00 -3.98999671e+00 
 7.80759661e-02 -3.58982702e+01  2.97564778e+00 -3.89247358e+00  8.38527908e+01  6.86812127e+00 -3.98869669e+00 
 7.80761224e-02 -3.58860333e+01  2.97508397e+00 -3.88682973e+00  8.38574399e+01  6.86191362e+00 -3.98733704e+00 
 7.80762786e-02 -3.58732672e+01  2.97452010e+00 -3.88118783e+00  8.38620880e+01  6.85570784e+00 -3.98591858e+00 
 7.80764349e-02 -3.58599794e+01  2.97395614e+00 -3.87554797e+00  8.38667352e+01  6.84950403e+00 -3.98444216e+00 
 7.80765911e-02 -3.58461774e+01  2.97339212e+00 -3.86991024e+00  8.38713816e+01  6.84330227e+00 -3.98290860e+00 
 7.80767474e-02 -3.58318684e+01  2.97282803e+00 -3.86427470e+00  8.38760271e+01  6.83710264e+00 -3.98131872e+00 
 7.80769036e-02 -3.58170598e+01  2.97226386e+00 -3.85864144e+00  8.38806717e+01  6.83090521e+00 -3.97967331e+00 
 7.80770599e-02 -3.58017586e+01  2.97169962e+00 -3.85301054e+00  8.38853154e+01  6.82471007e+00 -3.97797317e+00 
 7.80772161e-02 -3.57859719e+01  2.97113531e+00 -3.84738207e+00  8.38899582e+01  6.81851729e+00 -3.97621910e+00 
 7.80773724e-02 -3.57697066e+01  2.97057092e+00 -3.84175611e+00  8.38946002e+01  6.81232694e+00 -3.97441185e+00 
 7.80775286e-02 -3.57529698e+01  2.97000646e+00 -3.83613273e+00  8.38992413e+01  6.80613911e+00 -3.97255220e+00 
 7.80776849e-02 -3.57357681e+01  2.96944194e+00 -3.83051200e+00  8.39038815e+01  6.79995385e+00 -3.97064090e+00 
 7.80778411e-02 -3.57181082e+01  2.96887734e+00 -3.82489400e+00  8.39085208e+01  6.79377125e+00 -3.96867869e+00 
 7.80779831e-02 -3.57016744e+01  2.96836439e+00 -3.81979304e+00  8.39127344e+01  6.78815734e+00 -3.96685271e+00 
 7.80781250e-02 -3.56848730e+01  2.96785138e+00 -3.81469443e+00  8.39169472e+01  6.78254573e+00 -3.96498589e+00 
 7.80781251e-02 -3.56848610e+01  2.96785102e+00 -3.81469084e+00  8.39169502e+01  6.78254177e+00 -3.96498456e+00 
 7.80781253e-02 -3.56848371e+01  2.96785030e+00 -3.81468366e+00  8.39169561e+01  6.78253386e+00 -3.96498190e+00 
 7.80781254e-02 -3.56848311e+01  2.96785012e+00 -3.81468186e+00  8.39169576e+01  6.78253193e+00 -3.96498123e+00 
 7.80781254e-02 -3.56848206e+01  2.96784980e+00 -3.81467872e+00  8.39169602e+01  6.78252844e+00 -3.96498007e+00 
 7.80781255e-02 -3.56848090e+01  2.96784986e+00 -3.81467932e+00  8.39169598e+01 -1.00000008e-03 -3.96497878e+00 
 7.80781257e-02 -3.56847858e+01  2.96785079e+00 -3.81468866e+00  8.39169524e+01 -1.00000008e-03 -3.96497620e+00 
 7.80781260e-02 -3.56847533e+01  2.96785209e+00 -3.81470177e+00  8.39169420e+01 -1.00000008e-03 -3.96497259e+00 
 7.80781260e-02 -3.56847487e+01  2.96785228e+00 -3.81470364e+00  8.39169406e+01 -1.00000008e-03 -3.96497207e+00 
 7.80781261e-02 -3.56847394e+01  2.96785265e+00 -3.81470738e+00  8.39169376e+01 -1.00000008e-03 -3.96497104e+00 
 7.80781263e-02 -3.56847209e+01  2.96785340e+00 -3.81471486e+00  8.39169317e+01 -1.00000008e-03 -3.96496898e+00 
 7.80781266e-02 -3.56846838e+01  2.96785488e+00 -3.81472981e+00  8.39169199e+01 -1.00000008e-03 -3.96496486e+00 
 7.80781272e-02 -3.56846096e+01  2.96785786e+00 -3.81475971e+00  8.39168962e+01 -1.00000008e-03 -3.96495662e+00 
 7.80781284e-02 -3.56844614e+01  2.96786381e+00 -3.81481952e+00  8.39168489e+01 -1.00000008e-03 -3.96494015e+00 
 7.80781309e-02 -3.56841651e+01  2.96787572e+00 -3.81493914e+00  8.39167542e+01 -1.00000008e-03 -3.96490723e+00 
 7.80781359e-02 -3.56835735e+01  2.96789952e+00 -3.81517837e+00  8.39165650e+01 -1.00000008e-03 -3.96484150e+00 
 7.80781458e-02 -3.56823938e+01  2.96794714e+00 -3.81565685e+00  8.39161864e+01 -1.00000008e-03 -3.96471043e+00 
 7.80781656e-02 -3.56800490e+01  2.96804237e+00 -3.81661382e+00  8.39154291e+01 -1.00000008e-03 -3.96444989e+00 
 7.80782053e-02 -3.56754169e+01  2.96823284e+00 -3.81852786e+00  8.39139139e+01 -1.00000008e-03 -3.96393521e+00 
 7.80782847e-02 -3.56663820e+01  2.96861376e+00 -3.82235631e+00  8.39108812e+01 -1.00000008e-03 -3.96293133e+00 
 7.80784409e-02 -3.56494798e+01  2.96936376e+00 -3.82989537e+00  8.39049013e+01 -1.00000008e-03 -3.96105331e+00 
 7.80785972e-02 -3.56337412e+01  2.97011376e+00 -3.83743604e+00  8.38989096e+01 -1.00000008e-03 -3.95930458e+00 
 7.80787534e-02 -3.56191504e+01  2.97086376e+00 -3.84497814e+00  8.38929062e+01 -1.00000008e-03 -3.95768338e+00 
 7.80789097e-02 -3.56056917e+01  2.97161376e+00 -3.85252150e+00  8.38868909e+01 -1.00000008e-03 -3.95618797e+00 
 7.80790659e-02 -3.55933499e+01  2.97236376e+00 -3.86006593e+00  8.38808639e+01 -1.00000008e-03 -3.95481666e+00 
 7.80792222e-02 -3.55821097e+01  2.97311376e+00 -3.86761126e+00  8.38748251e+01 -1.00000008e-03 -3.95356774e+00 
 7.80793784e-02 -3.55719560e+01  2.97386376e+00 -3.87515731e+00  8.38687745e+01 -1.00000008e-03 -3.95243955e+00 
 7.80795347e-02 -3.55628740e+01  2.97461376e+00 -3.88270393e+00  8.38627121e+01 -1.00000008e-03 -3.95143045e+00 
 7.80796909e-02 -3.55548492e+01  2.97536376e+00 -3.89025093e+00  8.38566379e+01 -1.00000008e-03 -3.95053879e+00 
 7.80798472e-02 -3.55478669e+01  2.97611376e+00 -3.89779815e+00  8.38505519e+01 -1.00000008e-03 -3.94976299e+00 
 7.80800034e-02 -3.55419129e+01  2.97686376e+00 -3.90534544e+00  8.38444542e+01 -1.00000008e-03 -3.94910143e+00 
 7.80801597e-02 -3.55369731e+01  2.97761376e+00 -3.91289262e+00  8.38383446e+01 -1.00000008e-03 -3.94855257e+00 
 7.80803159e-02 -3.55330336e+01  2.97836376e+00 -3.92043954e+00  8.38322233e+01 -1.00000008e-03 -3.94811484e+00 
 7.80804722e-02 -3.55300805e+01  2.97911376e+00 -3.92798604e+00  8.38260901e+01 -1.00000008e-03 -3.94778672e+00 
 7.80806284e-02 -3.55281003e+01  2.97986376e+00 -3.93553196e+00  8.38199452e+01 -1.00000008e-03 -3.94756670e+00 
 7.80807847e-02 -3.55270795e+01  2.98061376e+00 -3.94307716e+00  8.38137885e+01 -1.00000008e-03 -3.94745328e+00 
 7.80809409e-02 -3.55270049e+01  2.98136376e+00 -3.95062149e+00  8.38076199e+01 -1.00000008e-03 -3.94744499e+00 
 7.80810972e-02 -3.55278633e+01  2.98211376e+00 -3.95816478e+00  8.38014396e+01 -1.00000008e-03 -3.94754037e+00 
 7.80812534e-02 -3.55296419e+01  2.98286376e+00 -3.96570691e+00  8.37952475e+01 -1.00000008e-03 -3.94773799e+00 
 7.80814097e-02 -3.55323277e+01  2.98361376e+00 -3.97324771e+00  8.37890437e+01 -1.00000008e-03 -3.94803642e+00 
 7.80815659e-02 -3.55359083e+01  2.98436376e+00 -3.98078706e+00  8.37828280e+01 -1.00000008e-03 -3.94843426e+00 
 7.80817222e-02 -3.55403711e+01  2.98511376e+00 -3.98832480e+00  8.37766006e+01 -1.00000008e-03 -3.94893012e+00 
 7.80818784e-02 -3.55457038e+01  2.98586376e+00 -3.99586081e+00  8.37703614e+01 -1.00000008e-03 -3.94952265e+00 
 7.80820347e-02 -3.55518943e+01  2.98661376e+00 -4.00339494e+00  8.37641104e+01 -1.00000008e-03 -3.95021047e+00 
 7.80821909e-02 -3.55589304e+01  2.98736376e+00 -4.01092706e+00  8.37578477e+01 -1.00000008e-03 -3.95099227e+00 
 7.80823472e-02 -3.55668005e+01  2.98811376e+00 -4.01845704e+00  8.37515731e+01 -1.00000008e-03 -3.95186672e+00 
 7.80825034e-02 -3.55754927e+01  2.98886376e+00 -4.02598474e+00  8.37452869e+01 -1.00000008e-03 -3.95283252e+00 
 7.80826597e-02 -3.55849954e+01  2.98961376e+00 -4.03351003e+00  8.37389888e+01 -1.00000008e-03 -3.95388838e+00 
 7.80828159e-02 -3.55952973e+01  2.99036376e+00 -4.04103280e+00  8.37326790e+01 -1.00000008e-03 -3.95503304e+00 
 7.80829722e-02 -3.56063871e+01  2.99111376e+00 -4.04855290e+00  8.37263575e+01 -1.00000008e-03 -3.95626523e+00 
 7.80831284e-02 -3.56182535e+01  2.99186376e+00 -4.05607023e+00  8.37200242e+01 -1.00000008e-03 -3.95758372e+00 
 7.80832847e-02 -3.56308856e+01  2.99261376e+00 -4.06358465e+00  8.37136791e+01 -1.00000008e-03 -3.95898729e+00 
 7.80834409e-02 -3.56442725e+01  2.99336376e+00 -4.07109604e+00  8.37073223e+01 -1.00000008e-03 -3.96047472e+00 
 7.80835972e-02 -3.56584035e+01  2.99411376e+00 -4.07860429e+00  8.37009538e+01 -1.00000008e-03 -3.96204483e+00 
 7.80837534e-02 -3.56732679e+01  2.99486376e+00 -4.08610928e+00  8.36945736e+01 -1.00000008e-03 -3.96369643e+00 
 7.80839097e-02 -3.56888553e+01  2.99561376e+00 -4.09361089e+00  8.36881816e+01 -1.00000008e-03 -3.96542836e+00 
 7.80840659e-02 -3.57051553e+01  2.99636376e+00 -4.10110901e+00  8.36817779e+01 -1.00000008e-03 -3.96723948e+00 
 7.80842222e-02 -3.57221577e+01  2.99711376e+00 -4.10860353e+00  8.36753625e+01 -1.00000008e-03 -3.96912863e+00 
 7.80843784e-02 -3.57398524e+01  2.99786376e+00 -4.11609433e+00  8.36689354e+01 -1.00000008e-03 -3.97109471e+00 
 7.80845347e-02 -3.57582295e+01  2.99861376e+00 -4.12358131e+00  8.36624966e+01 -1.00000008e-03 -3.97313661e+00 
 7.80846788e-02 -3.57757736e+01  2.99930543e+00 -4.13048248e+00  8.36565482e+01 -1.00000008e-03 -3.97508595e+00 
 7.80848229e-02 -3.57938820e+01  2.99999709e+00 -4.13738021e+00  8.36505899e+01 -1.00000008e-03 -3.97709800e+00 
 7.80848230e-02 -3.57938948e+01  2.99999757e+00 -4.13738500e+00  8.36505858e+01 -1.00000008e-03 -3.97709942e+00 
 7.80848232e-02 -3.57939203e+01  2.99999853e+00 -4.13739457e+00  8.36505775e+01 -1.00000008e-03 -3.97710225e+00 
 7.80848234e-02 -3.57939458e+01  2.99999866e+00 -4.13739575e+00  8.36505764e+01  7.15126413e+00 -3.97710509e+00 
 7.80848236e-02 -3.57939777e+01  2.99999776e+00 -4.13738675e+00  8.36505839e+01  7.13845946e+00 -3.97710863e+00 
 7.80848239e-02 -3.57940096e+01  2.99999686e+00 -4.13737774e+00  8.36505914e+01  7.13738413e+00 -3.97711218e+00 
 7.80848239e-02 -3.57940160e+01  2.99999668e+00 -4.13737594e+00  8.36505929e+01  7.13737254e+00 -3.97711289e+00 
 7.80848240e-02 -3.57940287e+01  2.99999632e+00 -4.13737234e+00  8.36505959e+01  7.13736857e+00 -3.97711431e+00 
 7.80848242e-02 -3.57940543e+01  2.99999561e+00 -4.13736513e+00  8.36506019e+01  7.13736065e+00 -3.97711714e+00 
 7.80848246e-02 -3.57941053e+01  2.99999417e+00 -4.13735072e+00  8.36506139e+01  7.13734482e+00 -3.97712281e+00 
 7.80848254e-02 -3.57942073e+01  2.99999130e+00 -4.13732190e+00  8.36506379e+01  7.13731312e+00 -3.97713415e+00 
 7.80848270e-02 -3.57944113e+01  2.99998556e+00 -4.13726427e+00  8.36506859e+01  7.13724974e+00 -3.97715682e+00 
 7.80848302e-02 -3.57948191e+01  2.99997408e+00 -4.13714899e+00  8.36507819e+01  7.13712298e+00 -3.97720212e+00 
 7.80848366e-02 -3.57956333e+01  2.99995111e+00 -4.13691843e+00  8.36509739e+01  7.13686946e+00 -3.97729258e+00 
 7.80848494e-02 -3.57972568e+01  2.99990519e+00 -4.13645730e+00  8.36513579e+01  7.13636240e+00 -3.97747297e+00 
 7.80848750e-02 -3.58004841e+01  2.99981333e+00 -4.13553497e+00  8.36521258e+01  7.13534822e+00 -3.97783157e+00 
 7.80849262e-02 -3.58068608e+01  2.99962961e+00 -4.13369007e+00  8.36536617e+01  7.13331960e+00 -3.97854009e+00 
 7.80850286e-02 -3.58193031e+01  2.99926215e+00 -4.12999931e+00  8.36567331e+01  7.12926138e+00 -3.97992257e+00 
 7.80851849e-02 -3.58374969e+01  2.99870140e+00 -4.12436527e+00  8.36614190e+01  7.12306658e+00 -3.98194410e+00 
 7.80853411e-02 -3.58547447e+01  2.99814056e+00 -4.11872846e+00  8.36661041e+01  7.11686894e+00 -3.98386052e+00 
 7.80854974e-02 -3.58710591e+01  2.99757966e+00 -4.11308904e+00  8.36707882e+01  7.11066861e+00 -3.98567324e+00 
 7.80856536e-02 -3.58864527e+01  2.99701868e+00 -4.10744714e+00  8.36754715e+01  7.10446574e+00 -3.98738363e+00 
 7.80858099e-02 -3.59009378e+01  2.99645763e+00 -4.10180291e+00  8.36801539e+01  7.09826046e+00 -3.98899308e+00 
 7.80859661e-02 -3.59145265e+01  2.99589651e+00 -4.09615649e+00  8.36848354e+01  7.09205291e+00 -3.99050294e+00 
 7.80861224e-02 -3.59272309e+01  2.99533531e+00 -4.09050801e+00  8.36895161e+01  7.08584325e+00 -3.99191455e+00 
 7.80862786e-02 -3.59390630e+01  2.99477405e+00 -4.08485763e+00  8.36941958e+01  7.07963159e+00 -3.99322922e+00 
 7.80864349e-02 -3.59500345e+01  2.99421271e+00 -4.07920547e+00  8.36988747e+01  7.07341809e+00 -3.99444827e+00 
 7.80865911e-02 -3.59601569e+01  2.99365129e+00 -4.07355166e+00  8.37035528e+01  7.06720287e+00 -3.99557298e+00 
 7.80867474e-02 -3.59694417e+01  2.99308981e+00 -4.06789634e+00  8.37082299e+01  7.06098606e+00 -3.99660463e+00 
 7.80869036e-02 -3.59779003e+01  2.99252825e+00 -4.06223964e+00  8.37129062e+01  7.05476780e+00 -3.99754447e+00 
 7.80870599e-02 -3.59855438e+01  2.99196661e+00 -4.05658168e+00  8.37175816e+01  7.04854821e+00 -3.99839375e+00 
 7.80872161e-02 -3.59923832e+01  2.99140491e+00 -4.05092260e+00  8.37222561e+01  7.04232742e+00 -3.99915369e+00 
 7.80873724e-02 -3.59984296e+01  2.99084313e+00 -4.04526251e+00  8.37269297e+01  7.03610556e+00 -3.99982551e+00 
 7.80875286e-02 -3.60036936e+01  2.99028128e+00 -4.03960154e+00  8.37316024e+01  7.02988274e+00 -4.00041040e+00 
 7.80876849e-02 -3.60081859e+01  2.98971936e+00 -4.03393982e+00  8.37362743e+01  7.02365909e+00 -4.00090954e+00 
 7.80878411e-02 -3.60119169e+01  2.98915736e+00 -4.02827745e+00  8.37409453e+01  7.01743473e+00 -4.00132410e+00 
 7.80879974e-02 -3.60148972e+01  2.98859530e+00 -4.02261456e+00  8.37456154e+01  7.01120978e+00 -4.00165524e+00 
 7.80881536e-02 -3.60171368e+01  2.98803316e+00 -4.01695127e+00  8.37502847e+01  7.00498435e+00 -4.00190409e+00 
 7.80883099e-02 -3.60186460e+01  2.98747094e+00 -4.01128770e+00  8.37549530e+01  6.99875855e+00 -4.00207178e+00 
 7.80884661e-02 -3.60194348e+01  2.98690866e+00 -4.00562394e+00  8.37596205e+01  6.99253251e+00 -4.00215942e+00 
 7.80886224e-02 -3.60195129e+01  2.98634630e+00 -3.99996012e+00  8.37642871e+01  6.98630634e+00 -4.00216810e+00 
 7.80887786e-02 -3.60188902e+01  2.98578387e+00 -3.99429635e+00  8.37689529e+01  6.98008013e+00 -4.00209892e+00 
 7.80889349e-02 -3.60175764e+01  2.98522137e+00 -3.98863273e+00  8.37736177e+01  6.97385401e+00 -4.00195293e+00 
 7.80890911e-02 -3.60155808e+01  2.98465879e+00 -3.98296937e+00  8.37782817e+01  6.96762808e+00 -4.00173120e+00 
 7.80892474e-02 -3.60129130e+01  2.98409614e+00 -3.97730638e+00  8.37829448e+01  6.96140244e+00 -4.00143478e+00 
 7.80894036e-02 -3.60095822e+01  2.98353342e+00 -3.97164387e+00  8.37876070e+01  6.95517720e+00 -4.00106468e+00 
 7.80895599e-02 -3.60055975e+01  2.98297063e+00 -3.96598193e+00  8.37922683e+01  6.94895247e+00 -4.00062194e+00 
 7.80897161e-02 -3.60009680e+01  2.98240776e+00 -3.96032066e+00  8.37969288e+01  6.94272834e+00 -4.00010756e+00 
 7.80898724e-02 -3.59957027e+01  2.98184482e+00 -3.95466017e+00  8.38015883e+01  6.93650491e+00 -3.99952252e+00 
 7.80900286e-02 -3.59898104e+01  2.98128181e+00 -3.94900056e+00  8.38062470e+01  6.93028229e+00 -3.99886782e+00 
 7.80901849e-02 -3.59832998e+01  2.98071873e+00 -3.94334192e+00  8.38109048e+01  6.92406057e+00 -3.99814442e+00 
 7.80903411e-02 -3.59761795e+01  2.98015557e+00 -3.93768435e+00  8.38155618e+01  6.91783984e+00 -3.99735328e+00 
 7.80904974e-02 -3.59684581e+01  2.97959235e+00 -3.93202794e+00  8.38202178e+01  6.91162021e+00 -3.99649534e+00 
 7.80906536e-02 -3.59601438e+01  2.97902905e+00 -3.92637279e+00  8.38248730e+01  6.90540175e+00 -3.99557154e+00 
 7.80908099e-02 -3.59512451e+01  2.97846567e+00 -3.92071899e+00  8.38295273e+01  6.89918458e+00 -3.99458279e+00 
 7.80909661e-02 -3.59417702e+01  2.97790223e+00 -3.91506662e+00  8.38341807e+01  6.89296877e+00 -3.99353002e+00 
 7.80911224e-02 -3.59317270e+01  2.97733871e+00 -3.90941579e+00  8.38388332e+01  6.88675442e+00 -3.99241411e+00 
 7.80912786e-02 -3.59211237e+01  2.97677512e+00 -3.90376657e+00  8.38434849e+01  6.88054161e+00 -3.99123596e+00 
 7.80914349e-02 -3.59099680e+01  2.97621146e+00 -3.89811905e+00  8.38481357e+01  6.87433043e+00 -3.98999645e+00 
 7.80915911e-02 -3.58982679e+01  2.97564773e+00 -3.89247333e+00  8.38527855e+01  6.86812097e+00 -3.98869644e+00 
 7.80917474e-02 -3.58860310e+01  2.97508392e+00 -3.88682948e+00  8.38574346e+01  6.86191331e+00 -3.98733678e+00 
 7.80919036e-02 -3.58732649e+01  2.97452004e+00 -3.88118758e+00  8.38620827e+01  6.85570754e+00 -3.98591832e+00 
 7.80920599e-02 -3.58599771e+01  2.97395609e+00 -3.87554772e+00  8.38667299e+01  6.84950373e+00 -3.98444190e+00 
 7.80922161e-02 -3.58461751e+01  2.97339207e+00 -3.86990999e+00  8.38713763e+01  6.84330197e+00 -3.98290834e+00 
 7.80923724e-02 -3.58318661e+01  2.97282797e+00 -3.86427445e+00  8.38760218e+01  6.83710234e+00 -3.98131846e+00 
 7.80925286e-02 -3.58170575e+01  2.97226380e+00 -3.85864119e+00  8.38806664e+01  6.83090491e+00 -3.97967305e+00 
 7.80926849e-02 -3.58017563e+01  2.97169956e+00 -3.85301029e+00  8.38853101e+01  6.82470977e+00 -3.97797292e+00 
 7.80928411e-02 -3.57859696e+01  2.97113525e+00 -3.84738182e+00  8.38899529e+01  6.81851699e+00 -3.97621884e+00 
 7.80929974e-02 -3.57697043e+01  2.97057087e+00 -3.84175586e+00  8.38945949e+01  6.81232664e+00 -3.97441159e+00 
 7.80931536e-02 -3.57529675e+01  2.97000641e+00 -3.83613248e+00  8.38992360e+01  6.80613881e+00 -3.97255194e+00 
 7.80933099e-02 -3.57357658e+01  2.96944188e+00 -3.83051176e+00  8.39038762e+01  6.79995355e+00 -3.97064064e+00 
 7.80934661e-02 -3.57181059e+01  2.96887728e+00 -3.82489376e+00  8.39085155e+01  6.79377095e+00 -3.96867844e+00 
 7.80936081e-02 -3.57016721e+01  2.96836433e+00 -3.81979279e+00  8.39127291e+01  6.78815704e+00 -3.96685246e+00 
 7.80937500e-02 -3.56848707e+01  2.96785133e+00 -3.81469419e+00  8.39169419e+01  6.78254543e+00 -3.96498563e+00 
 7.80937501e-02 -3.56848587e+01  2.96785097e+00 -3.81469060e+00  8.39169449e+01  6.78254148e+00 -3.96498430e+00 
 7.80937503e-02 -3.56848348e+01  2.96785025e+00 -3.81468341e+00  8.39169508e+01  6.78253358e+00 -3.96498164e+00 
 7.80937504e-02 -3.56848288e+01  2.96785006e+00 -3.81468162e+00  8.39169523e+01  6.78253170e+00 -3.96498098e+00 
 7.80937504e-02 -3.56848183e+01  2.96784975e+00 -3.81467847e+00  8.39169549e+01  6.78252819e+00 -3.96497981e+00 
 7.80937505e-02 -3.56848067e+01  2.96784981e+00 -3.81467907e+00  8.39169545e+01 -1.00000008e-03 -3.96497853e+00 
 7.80937507e-02 -3.56847835e+01  2.96785074e+00 -3.81468842e+00  8.39169471e+01 -1.00000008e-03 -3.96497595e+00 
 7.80937510e-02 -3.56847510e+01  2.96785204e+00 -3.81470153e+00  8.39169367e+01 -1.00000008e-03 -3.96497234e+00 
 7.80937510e-02 -3.56847464e+01  2.96785223e+00 -3.81470340e+00  8.39169353e+01 -1.00000008e-03 -3.96497182e+00 
 7.80937511e-02 -3.56847371e+01  2.96785260e+00 -3.81470714e+00  8.39169323e+01 -1.00000008e-03 -3.96497079e+00 
 7.80937513e-02 -3.56847186e+01  2.96785334e+00 -3.81471461e+00  8.39169264e+01 -1.00000008e-03 -3.96496873e+00 
 7.80937516e-02 -3.56846815e+01  2.96785483e+00 -3.81472956e+00  8.39169146e+01 -1.00000008e-03 -3.96496461e+00 
 7.80937522e-02 -3.56846073e+01  2.96785781e+00 -3.81475947e+00  8.39168909e+01 -1.00000008e-03 -3.96495637e+00 
 7.80937534e-02 -3.56844591e+01  2.96786376e+00 -3.81481928e+00  8.39168436e+01 -1.00000008e-03 -3.96493990e+00 
 7.80937559e-02 -3.56841628e+01  2.96787566e+00 -3.81493889e+00  8.39167489e+01 -1.00000008e-03 -3.96490698e+00 
 7.80937609e-02 -3.56835712e+01  2.96789947e+00 -3.81517813e+00  8.39165597e+01 -1.00000008e-03 -3.96484124e+00 
 7.80937708e-02 -3.56823915e+01  2.96794709e+00 -3.81565660e+00  8.39161811e+01 -1.00000008e-03 -3.96471017e+00 
 7.80937906e-02 -3.56800467e+01  2.96804232e+00 -3.81661358e+00  8.39154238e+01 -1.00000008e-03 -3.96444963e+00 
 7.80938303e-02 -3.56754146e+01  2.96823278e+00 -3.81852762e+00  8.39139086e+01 -1.00000008e-03 -3.96393495e+00 
 7.80939097e-02 -3.56663797e+01  2.96861371e+00 -3.82235606e+00  8.39108759e+01 -1.00000008e-03 -3.96293108e+00 
 7.80940659e-02 -3.56494775e+01  2.96936371e+00 -3.82989512e+00  8.39048960e+01 -1.00000008e-03 -3.96105306e+00 
 7.80942222e-02 -3.56337389e+01  2.97011371e+00 -3.83743579e+00  8.38989043e+01 -1.00000008e-03 -3.95930432e+00 
 7.80943784e-02 -3.56191481e+01  2.97086371e+00 -3.84497789e+00  8.38929009e+01 -1.00000008e-03 -3.95768312e+00 
 7.80945347e-02 -3.56056895e+01  2.97161371e+00 -3.85252125e+00  8.38868856e+01 -1.00000008e-03 -3.95618772e+00 
 7.80946909e-02 -3.55933476e+01  2.97236371e+00 -3.86006568e+00  8.38808586e+01 -1.00000008e-03 -3.95481640e+00 
 7.80948472e-02 -3.55821074e+01  2.97311371e+00 -3.86761101e+00  8.38748198e+01 -1.00000008e-03 -3.95356749e+00 
 7.80950034e-02 -3.55719537e+01  2.97386371e+00 -3.87515707e+00  8.38687692e+01 -1.00000008e-03 -3.95243930e+00 
 7.80951597e-02 -3.55628717e+01  2.97461371e+00 -3.88270368e+00  8.38627068e+01 -1.00000008e-03 -3.95143019e+00 
 7.80953159e-02 -3.55548469e+01  2.97536371e+00 -3.89025068e+00  8.38566326e+01 -1.00000008e-03 -3.95053854e+00 
 7.80954722e-02 -3.55478646e+01  2.97611371e+00 -3.89779790e+00  8.38505466e+01 -1.00000008e-03 -3.94976273e+00 
 7.80956284e-02 -3.55419106e+01  2.97686371e+00 -3.90534519e+00  8.38444489e+01 -1.00000008e-03 -3.94910118e+00 
 7.80957847e-02 -3.55369708e+01  2.97761371e+00 -3.91289237e+00  8.38383393e+01 -1.00000008e-03 -3.94855231e+00 
 7.80959409e-02 -3.55330313e+01  2.97836371e+00 -3.92043929e+00  8.38322180e+01 -1.00000008e-03 -3.94811459e+00 
 7.80960972e-02 -3.55300782e+01  2.97911371e+00 -3.92798579e+00  8.38260848e+01 -1.00000008e-03 -3.94778647e+00 
 7.80962534e-02 -3.55280980e+01  2.97986371e+00 -3.93553171e+00  8.38199399e+01 -1.00000008e-03 -3.94756644e+00 
 7.80964097e-02 -3.55270772e+01  2.98061371e+00 -3.94307691e+00  8.38137832e+01 -1.00000008e-03 -3.94745303e+00 
 7.80965659e-02 -3.55270026e+01  2.98136371e+00 -3.95062123e+00  8.38076146e+01 -1.00000008e-03 -3.94744473e+00 
 7.80967222e-02 -3.55278610e+01  2.98211371e+00 -3.95816453e+00  8.38014343e+01 -1.00000008e-03 -3.94754012e+00 
 7.80968784e-02 -3.55296396e+01  2.98286371e+00 -3.96570665e+00  8.37952423e+01 -1.00000008e-03 -3.94773773e+00 
 7.80970347e-02 -3.55323255e+01  2.98361371e+00 -3.97324746e+00  8.37890384e+01 -1.00000008e-03 -3.94803616e+00 
 7.80971909e-02 -3.55359060e+01  2.98436371e+00 -3.98078680e+00  8.37828227e+01 -1.00000008e-03 -3.94843400e+00 
 7.80973472e-02 -3.55403688e+01  2.98511371e+00 -3.98832455e+00  8.37765953e+01 -1.00000008e-03 -3.94892987e+00 
 7.80975034e-02 -3.55457015e+01  2.98586371e+00 -3.99586055e+00  8.37703561e+01 -1.00000008e-03 -3.94952239e+00 
 7.80976597e-02 -3.55518920e+01  2.98661371e+00 -4.00339468e+00  8.37641051e+01 -1.00000008e-03 -3.95021022e+00 
 7.80978159e-02 -3.55589282e+01  2.98736371e+00 -4.01092680e+00  8.37578424e+01 -1.00000008e-03 -3.95099202e+00 
 7.80979722e-02 -3.55667982e+01  2.98811371e+00 -4.01845678e+00  8.37515678e+01 -1.00000008e-03 -3.95186647e+00 
 7.80981284e-02 -3.55754904e+01  2.98886371e+00 -4.02598448e+00  8.37452816e+01 -1.00000008e-03 -3.95283227e+00 
 7.80982847e-02 -3.55849931e+01  2.98961371e+00 -4.03350977e+00  8.37389835e+01 -1.00000008e-03 -3.95388813e+00 
 7.80984409e-02 -3.55952950e+01  2.99036371e+00 -4.04103254e+00  8.37326737e+01 -1.00000008e-03 -3.95503278e+00 
 7.80985972e-02 -3.56063848e+01  2.99111371e+00 -4.04855264e+00  8.37263522e+01 -1.00000008e-03 -3.95626497e+00 
 7.80987534e-02 -3.56182512e+01  2.99186371e+00 -4.05606997e+00  8.37200189e+01 -1.00000008e-03 -3.95758347e+00 
 7.80989097e-02 -3.56308833e+01  2.99261371e+00 -4.06358438e+00  8.37136738e+01 -1.00000008e-03 -3.95898703e+00 
 7.80990659e-02 -3.56442702e+01  2.99336371e+00 -4.07109578e+00  8.37073170e+01 -1.00000008e-03 -3.96047447e+00 
 7.80992222e-02 -3.56584012e+01  2.99411371e+00 -4.07860403e+00  8.37009485e+01 -1.00000008e-03 -3.96204458e+00 
 7.80993784e-02 -3.56732656e+01  2.99486371e+00 -4.08610902e+00  8.36945683e+01 -1.00000008e-03 -3.96369618e+00 
 7.80995347e-02 -3.56888530e+01  2.99561371e+00 -4.09361063e+00  8.36881763e+01 -1.00000008e-03 -3.96542811e+00 
 7.80996909e-02 -3.57051530e+01  2.99636371e+00 -4.10110875e+00  8.36817726e+01 -1.00000008e-03 -3.96723922e+00 
 7.80998472e-02 -3.57221554e+01  2.99711371e+00 -4.10860327e+00  8.36753572e+01 -1.00000008e-03 -3.96912838e+00 
 7.81000034e-02 -3.57398501e+01  2.99786371e+00 -4.11609407e+00  8.36689301e+01 -1.00000008e-03 -3.97109446e+00 
 7.81001597e-02 -3.57582272e+01  2.99861371e+00 -4.12358105e+00  8.36624913e+01 -1.00000008e-03 -3.97313635e+00 
 7.81003038e-02 -3.57757713e+01  2.99930538e+00 -4.13048221e+00  8.36565430e+01 -1.00000008e-03 -3.97508570e+00 
 7.81004479e-02 -3.57938797e+01  2.99999704e+00 -4.13737995e+00  8.36505846e+01 -1.00000008e-03 -3.97709774e+00 
 7.81004480e-02 -3.57938925e+01  2.99999752e+00 -4.13738473e+00  8.36505805e+01 -1.00000008e-03 -3.97709916e+00 
 7.81004482e-02 -3.57939180e+01  2.99999848e+00 -4.13739430e+00  8.36505722e+01 -1.00000008e-03 -3.97710200e+00 
 7.81004484e-02 -3.57939435e+01  2.99999860e+00 -4.13739549e+00  8.36505711e+01  7.15126383e+00 -3.97710483e+00 
 7.81004486e-02 -3.57939754e+01  2.99999770e+00 -4.13738648e+00  8.36505786e+01  7.13845913e+00 -3.97710838e+00 
 7.81004489e-02 -3.57940073e+01  2.99999681e+00 -4.13737748e+00  8.36505861e+01  7.13738380e+00 -3.97711192e+00 
 7.81004489e-02 -3.57940137e+01  2.99999663e+00 -4.13737567e+00  8.36505876e+01  7.13737221e+00 -3.97711263e+00 
 7.81004490e-02 -3.57940264e+01  2.99999627e+00 -4.13737207e+00  8.36505906e+01  7.13736825e+00 -3.97711405e+00 
 7.81004492e-02 -3.57940520e+01  2.99999555e+00 -4.13736487e+00  8.36505966e+01  7.13736033e+00 -3.97711689e+00 
 7.81004496e-02 -3.57941030e+01  2.99999412e+00 -4.13735046e+00  8.36506086e+01  7.13734450e+00 -3.97712256e+00 
 7.81004504e-02 -3.57942050e+01  2.99999125e+00 -4.13732164e+00  8.36506326e+01  7.13731280e+00 -3.97713389e+00 
 7.81004520e-02 -3.57944091e+01  2.99998551e+00 -4.13726400e+00  8.36506806e+01  7.13724942e+00 -3.97715656e+00 
 7.81004552e-02 -3.57948168e+01  2.99997402e+00 -4.13714872e+00  8.36507766e+01  7.13712267e+00 -3.97720186e+00 
 7.81004616e-02 -3.57956310e+01  2.99995106e+00 -4.13691817e+00  8.36509686e+01  7.13686914e+00 -3.97729233e+00 
 7.81004744e-02 -3.57972545e+01  2.99990513e+00 -4.13645703e+00  8.36513526e+01  7.13636208e+00 -3.97747272e+00 
 7.81005000e-02 -3.58004818e+01  2.99981328e+00 -4.13553471e+00  8.36521205e+01  7.13534790e+00 -3.97783132e+00 
 7.81005512e-02 -3.58068585e+01  2.99962956e+00 -4.13368981e+00  8.36536564e+01  7.13331928e+00 -3.97853983e+00 
 7.81006536e-02 -3.58193008e+01  2.99926210e+00 -4.12999905e+00  8.36567278e+01  7.12926107e+00 -3.97992231e+00 
 7.81008099e-02 -3.58374946e+01  2.99870134e+00 -4.12436501e+00  8.36614137e+01  7.12306626e+00 -3.98194385e+00 
 7.81009661e-02 -3.58547424e+01  2.99814051e+00 -4.11872820e+00  8.36660988e+01  7.11686863e+00 -3.98386027e+00 
 7.81011224e-02 -3.58710568e+01  2.99757961e+00 -4.11308877e+00  8.36707829e+01  7.11066830e+00 -3.98567298e+00 
 7.81012786e-02 -3.58864504e+01  2.99701863e+00 -4.10744687e+00  8.36754662e+01  7.10446542e+00 -3.98738338e+00 
 7.81014349e-02 -3.59009354e+01  2.99645758e+00 -4.10180264e+00  8.36801486e+01  7.09826014e+00 -3.98899283e+00 
 7.81015911e-02 -3.59145242e+01  2.99589646e+00 -4.09615622e+00  8.36848301e+01  7.09205260e+00 -3.99050269e+00 
 7.81017474e-02 -3.59272286e+01  2.99533526e+00 -4.09050775e+00  8.36895108e+01  7.08584293e+00 -3.99191429e+00 
 7.81019036e-02 -3.59390607e+01  2.99477399e+00 -4.08485737e+00  8.36941906e+01  7.07963128e+00 -3.99322897e+00 
 7.81020599e-02 -3.59500321e+01  2.99421265e+00 -4.07920521e+00  8.36988695e+01  7.07341777e+00 -3.99444802e+00 
 7.81022161e-02 -3.59601545e+01  2.99365124e+00 -4.07355140e+00  8.37035475e+01  7.06720255e+00 -3.99557273e+00 
 7.81023724e-02 -3.59694394e+01  2.99308975e+00 -4.06789608e+00  8.37082246e+01  7.06098575e+00 -3.99660438e+00 
 7.81025286e-02 -3.59778980e+01  2.99252819e+00 -4.06223938e+00  8.37129009e+01  7.05476749e+00 -3.99754422e+00 
 7.81026849e-02 -3.59855415e+01  2.99196656e+00 -4.05658142e+00  8.37175763e+01  7.04854790e+00 -3.99839350e+00 
 7.81028411e-02 -3.59923809e+01  2.99140486e+00 -4.05092234e+00  8.37222508e+01  7.04232711e+00 -3.99915344e+00 
 7.81029974e-02 -3.59984273e+01  2.99084308e+00 -4.04526225e+00  8.37269244e+01  7.03610525e+00 -3.99982525e+00 
 7.81031536e-02 -3.60036913e+01  2.99028123e+00 -4.03960128e+00  8.37315972e+01  7.02988243e+00 -4.00041014e+00 
 7.81033099e-02 -3.60081835e+01  2.98971931e+00 -4.03393956e+00  8.37362690e+01  7.02365878e+00 -4.00090928e+00 
 7.81034661e-02 -3.60119146e+01  2.98915731e+00 -4.02827719e+00  8.37409400e+01  7.01743442e+00 -4.00132385e+00 
 7.81036224e-02 -3.60148949e+01  2.98859524e+00 -4.02261431e+00  8.37456102e+01  7.01120947e+00 -4.00165498e+00 
 7.81037786e-02 -3.60171345e+01  2.98803310e+00 -4.01695102e+00  8.37502794e+01  7.00498404e+00 -4.00190383e+00 
 7.81039349e-02 -3.60186437e+01  2.98747089e+00 -4.01128744e+00  8.37549478e+01  6.99875824e+00 -4.00207152e+00 
 7.81040911e-02 -3.60194324e+01  2.98690860e+00 -4.00562368e+00  8.37596152e+01  6.99253220e+00 -4.00215916e+00 
 7.81042474e-02 -3.60195106e+01  2.98634625e+00 -3.99995986e+00  8.37642818e+01  6.98630603e+00 -4.00216785e+00 
 7.81044036e-02 -3.60188879e+01  2.98578382e+00 -3.99429609e+00  8.37689476e+01  6.98007982e+00 -4.00209866e+00 
 7.81045599e-02 -3.60175741e+01  2.98522131e+00 -3.98863247e+00  8.37736124e+01  6.97385370e+00 -4.00195267e+00 
 7.81047161e-02 -3.60155785e+01  2.98465874e+00 -3.98296912e+00  8.37782764e+01  6.96762777e+00 -4.00173095e+00 
 7.81048724e-02 -3.60129107e+01  2.98409609e+00 -3.97730613e+00  8.37829395e+01  6.96140213e+00 -4.00143452e+00 
 7.81050286e-02 -3.60095799e+01  2.98353337e+00 -3.97164361e+00  8.37876017e+01  6.95517690e+00 -4.00106443e+00 
 7.81051849e-02 -3.60055952e+01  2.98297057e+00 -3.96598167e+00  8.37922630e+01  6.94895216e+00 -4.00062169e+00 
 7.81053411e-02 -3.60009657e+01  2.98240771e+00 -3.96032041e+00  8.37969235e+01  6.94272803e+00 -4.00010730e+00 
 7.81054974e-02 -3.59957004e+01  2.98184477e+00 -3.95465992e+00  8.38015830e+01  6.93650461e+00 -3.99952227e+00 
 7.81056536e-02 -3.59898081e+01  2.98128176e+00 -3.94900031e+00  8.38062417e+01  6.93028199e+00 -3.99886757e+00 
 7.81058099e-02 -3.59832975e+01  2.98071868e+00 -3.94334167e+00  8.38108995e+01  6.92406026e+00 -3.99814417e+00 
 7.81059661e-02 -3.59761772e+01  2.98015552e+00 -3.93768410e+00  8.38155565e+01  6.91783954e+00 -3.99735302e+00 
 7.81061224e-02 -3.59684557e+01  2.97959229e+00 -3.93202769e+00  8.38202125e+01  6.91161990e+00 -3.99649508e+00 
 7.81062786e-02 -3.59601415e+01  2.97902899e+00 -3.92637254e+00  8.38248677e+01  6.90540145e+00 -3.99557128e+00 
 7.81064349e-02 -3.59512428e+01  2.97846562e+00 -3.92071874e+00  8.38295220e+01  6.89918428e+00 -3.99458254e+00 
 7.81065911e-02 -3.59417679e+01  2.97790218e+00 -3.91506637e+00  8.38341754e+01  6.89296847e+00 -3.99352976e+00 
 7.81067474e-02 -3.59317247e+01  2.97733866e+00 -3.90941554e+00  8.38388279e+01  6.88675411e+00 -3.99241386e+00 
 7.81069036e-02 -3.59211214e+01  2.97677507e+00 -3.90376632e+00  8.38434796e+01  6.88054131e+00 -3.99123571e+00 
 7.81070599e-02 -3.59099657e+01  2.97621141e+00 -3.89811880e+00  8.38481304e+01  6.87433013e+00 -3.98999619e+00 
 7.81072161e-02 -3.58982656e+01  2.97564767e+00 -3.89247308e+00  8.38527803e+01  6.86812067e+00 -3.98869618e+00 
 7.81073724e-02 -3.58860287e+01  2.97508387e+00 -3.88682923e+00  8.38574293e+01  6.86191301e+00 -3.98733652e+00 
 7.81075286e-02 -3.58732626e+01  2.97451999e+00 -3.88118733e+00  8.38620774e+01  6.85570724e+00 -3.98591807e+00 
 7.81076849e-02 -3.58599748e+01  2.97395604e+00 -3.87554748e+00  8.38667246e+01  6.84950343e+00 -3.98444165e+00 
 7.81078411e-02 -3.58461728e+01  2.97339201e+00 -3.86990974e+00  8.38713710e+01  6.84330167e+00 -3.98290809e+00 
 7.81079974e-02 -3.58318638e+01  2.97282792e+00 -3.86427420e+00  8.38760165e+01  6.83710204e+00 -3.98131820e+00 
 7.81081536e-02 -3.58170552e+01  2.97226375e+00 -3.85864095e+00  8.38806611e+01  6.83090461e+00 -3.97967280e+00 
 7.81083099e-02 -3.58017540e+01  2.97169951e+00 -3.85301004e+00  8.38853048e+01  6.82470947e+00 -3.97797266e+00 
 7.81084661e-02 -3.57859673e+01  2.97113520e+00 -3.84738157e+00  8.38899476e+01  6.81851669e+00 -3.97621859e+00 
 7.81086224e-02 -3.57697020e+01  2.97057082e+00 -3.84175561e+00  8.38945896e+01  6.81232635e+00 -3.97441134e+00 
 7.81087786e-02 -3.57529652e+01  2.97000636e+00 -3.83613223e+00  8.38992307e+01  6.80613851e+00 -3.97255169e+00 
 7.81089349e-02 -3.57357635e+01  2.96944183e+00 -3.83051151e+00  8.39038709e+01  6.79995326e+00 -3.97064039e+00 
 7.81090911e-02 -3.57181037e+01  2.96887723e+00 -3.82489351e+00  8.39085102e+01  6.79377066e+00 -3.96867818e+00 
 7.81092331e-02 -3.57016698e+01  2.96836428e+00 -3.81979255e+00  8.39127238e+01  6.78815675e+00 -3.96685221e+00 
 7.81093750e-02 -3.56848684e+01  2.96785128e+00 -3.81469394e+00  8.39169366e+01  6.78254514e+00 -3.96498538e+00 
 7.81093751e-02 -3.56848564e+01  2.96785092e+00 -3.81469035e+00  8.39169396e+01  6.78254120e+00 -3.96498405e+00 
 7.81093753e-02 -3.56848325e+01  2.96785020e+00 -3.81468317e+00  8.39169455e+01  6.78253328e+00 -3.96498139e+00 
 7.81093754e-02 -3.56848265e+01  2.96785001e+00 -3.81468137e+00  8.39169470e+01  6.78253124e+00 -3.96498072e+00 
 7.81093754e-02 -3.56848160e+01  2.96784970e+00 -3.81467823e+00  8.39169496e+01  6.78252788e+00 -3.96497956e+00 
 7.81093755e-02 -3.56848044e+01  2.96784976e+00 -3.81467883e+00  8.39169492e+01 -1.00000008e-03 -3.96497827e+00 
 7.81093757e-02 -3.56847813e+01  2.96785069e+00 -3.81468817e+00  8.39169418e+01 -1.00000008e-03 -3.96497570e+00 
 7.81093760e-02 -3.56847487e+01  2.96785199e+00 -3.81470129e+00  8.39169314e+01 -1.00000008e-03 -3.96497208e+00 
 7.81093760e-02 -3.56847441e+01  2.96785218e+00 -3.81470315e+00  8.39169300e+01 -1.00000008e-03 -3.96497157e+00 
 7.81093761e-02 -3.56847348e+01  2.96785255e+00 -3.81470689e+00  8.39169270e+01 -1.00000008e-03 -3.96497054e+00 
 7.81093763e-02 -3.56847163e+01  2.96785329e+00 -3.81471437e+00  8.39169211e+01 -1.00000008e-03 -3.96496848e+00 
 7.81093766e-02 -3.56846792e+01  2.96785478e+00 -3.81472932e+00  8.39169093e+01 -1.00000008e-03 -3.96496435e+00 
 7.81093772e-02 -3.56846050e+01  2.96785776e+00 -3.81475922e+00  8.39168856e+01 -1.00000008e-03 -3.96495612e+00 
 7.81093784e-02 -3.56844568e+01  2.96786371e+00 -3.81481903e+00  8.39168383e+01 -1.00000008e-03 -3.96493964e+00 
 7.81093809e-02 -3.56841605e+01  2.96787561e+00 -3.81493865e+00  8.39167437e+01 -1.00000008e-03 -3.96490673e+00 
 7.81093859e-02 -3.56835689e+01  2.96789942e+00 -3.81517788e+00  8.39165544e+01 -1.00000008e-03 -3.96484099e+00 
 7.81093958e-02 -3.56823893e+01  2.96794704e+00 -3.81565636e+00  8.39161758e+01 -1.00000008e-03 -3.96470992e+00 
 7.81094156e-02 -3.56800444e+01  2.96804227e+00 -3.81661333e+00  8.39154185e+01 -1.00000008e-03 -3.96444938e+00 
 7.81094553e-02 -3.56754123e+01  2.96823273e+00 -3.81852737e+00  8.39139033e+01 -1.00000008e-03 -3.96393470e+00 
 7.81095347e-02 -3.56663774e+01  2.96861366e+00 -3.82235582e+00  8.39108706e+01 -1.00000008e-03 -3.96293082e+00 
 7.81096909e-02 -3.56494752e+01  2.96936366e+00 -3.82989487e+00  8.39048907e+01 -1.00000008e-03 -3.96105280e+00 
 7.81098472e-02 -3.56337366e+01  2.97011366e+00 -3.83743554e+00  8.38988990e+01 -1.00000008e-03 -3.95930407e+00 
 7.81100034e-02 -3.56191458e+01  2.97086366e+00 -3.84497765e+00  8.38928956e+01 -1.00000008e-03 -3.95768287e+00 
 7.81101597e-02 -3.56056872e+01  2.97161366e+00 -3.85252100e+00  8.38868803e+01 -1.00000008e-03 -3.95618746e+00 
 7.81103159e-02 -3.55933453e+01  2.97236366e+00 -3.86006543e+00  8.38808533e+01 -1.00000008e-03 -3.95481615e+00 
 7.81104722e-02 -3.55821051e+01  2.97311366e+00 -3.86761076e+00  8.38748145e+01 -1.00000008e-03 -3.95356723e+00 
 7.81106284e-02 -3.55719514e+01  2.97386366e+00 -3.87515682e+00  8.38687639e+01 -1.00000008e-03 -3.95243905e+00 
 7.81107847e-02 -3.55628695e+01  2.97461366e+00 -3.88270343e+00  8.38627015e+01 -1.00000008e-03 -3.95142994e+00 
 7.81109409e-02 -3.55548446e+01  2.97536366e+00 -3.89025043e+00  8.38566273e+01 -1.00000008e-03 -3.95053829e+00 
 7.81110972e-02 -3.55478623e+01  2.97611366e+00 -3.89779765e+00  8.38505414e+01 -1.00000008e-03 -3.94976248e+00 
 7.81112534e-02 -3.55419083e+01  2.97686366e+00 -3.90534494e+00  8.38444436e+01 -1.00000008e-03 -3.94910093e+00 
 7.81114097e-02 -3.55369686e+01  2.97761366e+00 -3.91289212e+00  8.38383340e+01 -1.00000008e-03 -3.94855206e+00 
 7.81115659e-02 -3.55330290e+01  2.97836366e+00 -3.92043903e+00  8.38322127e+01 -1.00000008e-03 -3.94811433e+00 
 7.81117222e-02 -3.55300759e+01  2.97911366e+00 -3.92798553e+00  8.38260795e+01 -1.00000008e-03 -3.94778621e+00 
 7.81118784e-02 -3.55280957e+01  2.97986366e+00 -3.93553146e+00  8.38199346e+01 -1.00000008e-03 -3.94756619e+00 
 7.81120347e-02 -3.55270749e+01  2.98061366e+00 -3.94307666e+00  8.38137779e+01 -1.00000008e-03 -3.94745277e+00 
 7.81121909e-02 -3.55270003e+01  2.98136366e+00 -3.95062098e+00  8.38076094e+01 -1.00000008e-03 -3.94744448e+00 
 7.81123472e-02 -3.55278588e+01  2.98211366e+00 -3.95816427e+00  8.38014291e+01 -1.00000008e-03 -3.94753986e+00 
 7.81125034e-02 -3.55296373e+01  2.98286366e+00 -3.96570640e+00  8.37952370e+01 -1.00000008e-03 -3.94773748e+00 
 7.81126597e-02 -3.55323232e+01  2.98361366e+00 -3.97324720e+00  8.37890331e+01 -1.00000008e-03 -3.94803591e+00 
 7.81128159e-02 -3.55359038e+01  2.98436366e+00 -3.98078655e+00  8.37828174e+01 -1.00000008e-03 -3.94843375e+00 
 7.81129722e-02 -3.55403665e+01  2.98511366e+00 -3.98832429e+00  8.37765900e+01 -1.00000008e-03 -3.94892962e+00 
 7.81131284e-02 -3.55456993e+01  2.98586366e+00 -3.99586030e+00  8.37703508e+01 -1.00000008e-03 -3.94952214e+00 
 7.81132847e-02 -3.55518897e+01  2.98661366e+00 -4.00339443e+00  8.37640998e+01 -1.00000008e-03 -3.95020997e+00 
 7.81134409e-02 -3.55589259e+01  2.98736366e+00 -4.01092655e+00  8.37578371e+01 -1.00000008e-03 -3.95099176e+00 
 7.81135972e-02 -3.55667959e+01  2.98811366e+00 -4.01845652e+00  8.37515626e+01 -1.00000008e-03 -3.95186621e+00 
 7.81137534e-02 -3.55754881e+01  2.98886366e+00 -4.02598422e+00  8.37452763e+01 -1.00000008e-03 -3.95283201e+00 
 7.81139097e-02 -3.55849909e+01  2.98961366e+00 -4.03350952e+00  8.37389782e+01 -1.00000008e-03 -3.95388787e+00 
 7.81140659e-02 -3.55952928e+01  2.99036366e+00 -4.04103228e+00  8.37326684e+01 -1.00000008e-03 -3.95503253e+00 
 7.81142222e-02 -3.56063825e+01  2.99111366e+00 -4.04855238e+00  8.37263469e+01 -1.00000008e-03 -3.95626472e+00 
 7.81143784e-02 -3.56182489e+01  2.99186366e+00 -4.05606971e+00  8.37200136e+01 -1.00000008e-03 -3.95758321e+00 
 7.81145347e-02 -3.56308810e+01  2.99261366e+00 -4.06358413e+00  8.37136685e+01 -1.00000008e-03 -3.95898678e+00 
 7.81146909e-02 -3.56442679e+01  2.99336366e+00 -4.07109552e+00  8.37073118e+01 -1.00000008e-03 -3.96047421e+00 
 7.81148472e-02 -3.56583989e+01  2.99411366e+00 -4.07860377e+00  8.37009433e+01 -1.00000008e-03 -3.96204432e+00 
 7.81150034e-02 -3.56732633e+01  2.99486366e+00 -4.08610876e+00  8.36945630e+01 -1.00000008e-03 -3.96369592e+00 
 7.81151597e-02 -3.56888507e+01  2.99561366e+00 -4.09361037e+00  8.36881710e+01 -1.00000008e-03 -3.96542786e+00 
 7.81153159e-02 -3.57051507e+01  2.99636366e+00 -4.10110849e+00  8.36817674e+01 -1.00000008e-03 -3.96723897e+00 
 7.81154722e-02 -3.57221531e+01  2.99711366e+00 -4.10860300e+00  8.36753520e+01 -1.00000008e-03 -3.96912812e+00 
 7.81156284e-02 -3.57398478e+01  2.99786366e+00 -4.11609381e+00  8.36689248e+01 -1.00000008e-03 -3.97109420e+00 
 7.81157847e-02 -3.57582249e+01  2.99861366e+00 -4.12358079e+00  8.36624860e+01 -1.00000008e-03 -3.97313610e+00 
 7.81159288e-02 -3.57757690e+01  2.99930533e+00 -4.13048195e+00  8.36565377e+01 -1.00000008e-03 -3.97508544e+00 
 7.81160729e-02 -3.57938774e+01  2.99999699e+00 -4.13737968e+00  8.36505794e+01 -1.00000008e-03 -3.97709749e+00 
 7.81160730e-02 -3.57938902e+01  2.99999747e+00 -4.13738447e+00  8.36505752e+01 -1.00000008e-03 -3.97709891e+00 
 7.81160732e-02 -3.57939157e+01  2.99999843e+00 -4.13739404e+00  8.36505670e+01 -1.00000008e-03 -3.97710174e+00 
 7.81160734e-02 -3.57939412e+01  2.99999855e+00 -4.13739522e+00  8.36505658e+01  7.15126351e+00 -3.97710458e+00 
 7.81160736e-02 -3.57939731e+01  2.99999765e+00 -4.13738622e+00  8.36505733e+01  7.13845882e+00 -3.97710812e+00 
 7.81160739e-02 -3.57940050e+01  2.99999676e+00 -4.13737721e+00  8.36505808e+01  7.13738349e+00 -3.97711167e+00 
 7.81160739e-02 -3.57940114e+01  2.99999658e+00 -4.13737541e+00  8.36505823e+01  7.13737190e+00 -3.97711238e+00 
 7.81160740e-02 -3.57940242e+01  2.99999622e+00 -4.13737181e+00  8.36505853e+01  7.13736796e+00 -3.97711379e+00 
 7.81160742e-02 -3.57940497e+01  2.99999550e+00 -4.13736460e+00  8.36505913e+01  7.13736000e+00 -3.97711663e+00 
 7.81160746e-02 -3.57941007e+01  2.99999407e+00 -4.13735019e+00  8.36506033e+01  7.13734419e+00 -3.97712230e+00 
 7.81160754e-02 -3.57942027e+01  2.99999120e+00 -4.13732137e+00  8.36506273e+01  7.13731248e+00 -3.97713364e+00 
 7.81160770e-02 -3.57944068e+01  2.99998546e+00 -4.13726374e+00  8.36506753e+01  7.13724911e+00 -3.97715631e+00 
 7.81160802e-02 -3.57948145e+01  2.99997397e+00 -4.13714846e+00  8.36507713e+01  7.13712235e+00 -3.97720161e+00 
 7.81160866e-02 -3.57956287e+01  2.99995101e+00 -4.13691790e+00  8.36509633e+01  7.13686883e+00 -3.97729207e+00 
 7.81160994e-02 -3.57972522e+01  2.99990508e+00 -4.13645677e+00  8.36513473e+01  7.13636177e+00 -3.97747246e+00 
 7.81161250e-02 -3.58004795e+01  2.99981323e+00 -4.13553444e+00  8.36521153e+01  7.13534759e+00 -3.97783106e+00 
 7.81161762e-02 -3.58068562e+01  2.99962951e+00 -4.13368954e+00  8.36536511e+01  7.13331897e+00 -3.97853958e+00 
 7.81162786e-02 -3.58192985e+01  2.99926205e+00 -4.12999878e+00  8.36567226e+01  7.12926075e+00 -3.97992206e+00 
 7.81164349e-02 -3.58374923e+01  2.99870129e+00 -4.12436474e+00  8.36614085e+01  7.12306595e+00 -3.98194359e+00 
 7.81165911e-02 -3.58547401e+01  2.99814046e+00 -4.11872794e+00  8.36660935e+01  7.11686831e+00 -3.98386001e+00 
 7.81167474e-02 -3.58710545e+01  2.99757956e+00 -4.11308851e+00  8.36707777e+01  7.11066798e+00 -3.98567273e+00 
 7.81169036e-02 -3.58864481e+01  2.99701858e+00 -4.10744661e+00  8.36754609e+01  7.10446511e+00 -3.98738312e+00 
 7.81170599e-02 -3.59009331e+01  2.99645753e+00 -4.10180238e+00  8.36801433e+01  7.09825983e+00 -3.98899257e+00 
 7.81172161e-02 -3.59145219e+01  2.99589641e+00 -4.09615596e+00  8.36848249e+01  7.09205228e+00 -3.99050243e+00 
 7.81173724e-02 -3.59272263e+01  2.99533521e+00 -4.09050749e+00  8.36895055e+01  7.08584262e+00 -3.99191404e+00 
 7.81175286e-02 -3.59390584e+01  2.99477394e+00 -4.08485711e+00  8.36941853e+01  7.07963097e+00 -3.99322871e+00 
 7.81176849e-02 -3.59500298e+01  2.99421260e+00 -4.07920495e+00  8.36988642e+01  7.07341746e+00 -3.99444776e+00 
 7.81178411e-02 -3.59601522e+01  2.99365119e+00 -4.07355114e+00  8.37035422e+01  7.06720224e+00 -3.99557247e+00 
 7.81179974e-02 -3.59694371e+01  2.99308970e+00 -4.06789582e+00  8.37082193e+01  7.06098544e+00 -3.99660412e+00 
 7.81181536e-02 -3.59778957e+01  2.99252814e+00 -4.06223912e+00  8.37128956e+01  7.05476718e+00 -3.99754396e+00 
 7.81183099e-02 -3.59855392e+01  2.99196651e+00 -4.05658116e+00  8.37175710e+01  7.04854759e+00 -3.99839324e+00 
 7.81184661e-02 -3.59923786e+01  2.99140481e+00 -4.05092208e+00  8.37222455e+01  7.04232680e+00 -3.99915318e+00 
 7.81186224e-02 -3.59984250e+01  2.99084303e+00 -4.04526199e+00  8.37269191e+01  7.03610494e+00 -3.99982500e+00 
 7.81187786e-02 -3.60036890e+01  2.99028118e+00 -4.03960102e+00  8.37315919e+01  7.02988212e+00 -4.00040988e+00 
 7.81189349e-02 -3.60081812e+01  2.98971926e+00 -4.03393930e+00  8.37362638e+01  7.02365847e+00 -4.00090903e+00 
 7.81190911e-02 -3.60119123e+01  2.98915726e+00 -4.02827693e+00  8.37409348e+01  7.01743411e+00 -4.00132359e+00 
 7.81192474e-02 -3.60148925e+01  2.98859520e+00 -4.02261405e+00  8.37456049e+01  7.01120916e+00 -4.00165473e+00 
 7.81194036e-02 -3.60171322e+01  2.98803306e+00 -4.01695076e+00  8.37502741e+01  7.00498373e+00 -4.00190358e+00 
 7.81195599e-02 -3.60186414e+01  2.98747084e+00 -4.01128718e+00  8.37549425e+01  6.99875794e+00 -4.00207127e+00 
 7.81197161e-02 -3.60194301e+01  2.98690856e+00 -4.00562343e+00  8.37596100e+01  6.99253190e+00 -4.00215890e+00 
 7.81198724e-02 -3.60195083e+01  2.98634620e+00 -3.99995961e+00  8.37642766e+01  6.98630572e+00 -4.00216759e+00 
 7.81200286e-02 -3.60188856e+01  2.98578377e+00 -3.99429584e+00  8.37689423e+01  6.98007952e+00 -4.00209840e+00 
 7.81201849e-02 -3.60175718e+01  2.98522127e+00 -3.98863222e+00  8.37736071e+01  6.97385340e+00 -4.00195242e+00 
 7.81203411e-02 -3.60155762e+01  2.98465869e+00 -3.98296886e+00  8.37782711e+01  6.96762747e+00 -4.00173069e+00 
 7.81204974e-02 -3.60129084e+01  2.98409604e+00 -3.97730587e+00  8.37829342e+01  6.96140183e+00 -4.00143426e+00 
 7.81206536e-02 -3.60095775e+01  2.98353332e+00 -3.97164336e+00  8.37875964e+01  6.95517660e+00 -4.00106417e+00 
 7.81208099e-02 -3.60055929e+01  2.98297053e+00 -3.96598142e+00  8.37922577e+01  6.94895186e+00 -4.00062143e+00 
 7.81209661e-02 -3.60009634e+01  2.98240766e+00 -3.96032016e+00  8.37969182e+01  6.94272773e+00 -4.00010705e+00 
 7.81211224e-02 -3.59956981e+01  2.98184472e+00 -3.95465967e+00  8.38015778e+01  6.93650431e+00 -3.99952201e+00 
 7.81212786e-02 -3.59898058e+01  2.98128171e+00 -3.94900006e+00  8.38062365e+01  6.93028169e+00 -3.99886731e+00 
 7.81214349e-02 -3.59832952e+01  2.98071863e+00 -3.94334142e+00  8.38108943e+01  6.92405996e+00 -3.99814391e+00 
 7.81215911e-02 -3.59761749e+01  2.98015548e+00 -3.93768385e+00  8.38155512e+01  6.91783924e+00 -3.99735277e+00 
 7.81217474e-02 -3.59684534e+01  2.97959225e+00 -3.93202744e+00  8.38202073e+01  6.91161960e+00 -3.99649483e+00 
 7.81219036e-02 -3.59601392e+01  2.97902895e+00 -3.92637229e+00  8.38248624e+01  6.90540115e+00 -3.99557102e+00 
 7.81220599e-02 -3.59512405e+01  2.97846558e+00 -3.92071849e+00  8.38295167e+01  6.89918398e+00 -3.99458228e+00 
 7.81222161e-02 -3.59417656e+01  2.97790213e+00 -3.91506612e+00  8.38341701e+01  6.89296817e+00 -3.99352951e+00 
 7.81223724e-02 -3.59317224e+01  2.97733861e+00 -3.90941529e+00  8.38388227e+01  6.88675382e+00 -3.99241360e+00 
 7.81225286e-02 -3.59211191e+01  2.97677502e+00 -3.90376607e+00  8.38434743e+01  6.88054101e+00 -3.99123545e+00 
 7.81226849e-02 -3.59099634e+01  2.97621136e+00 -3.89811855e+00  8.38481251e+01  6.87432983e+00 -3.98999594e+00 
 7.81228411e-02 -3.58982633e+01  2.97564763e+00 -3.89247283e+00  8.38527750e+01  6.86812037e+00 -3.98869592e+00 
 7.81229974e-02 -3.58860264e+01  2.97508382e+00 -3.88682898e+00  8.38574240e+01  6.86191272e+00 -3.98733627e+00 
 7.81231536e-02 -3.58732603e+01  2.97451994e+00 -3.88118708e+00  8.38620721e+01  6.85570694e+00 -3.98591781e+00 
 7.81233099e-02 -3.58599725e+01  2.97395599e+00 -3.87554723e+00  8.38667194e+01  6.84950314e+00 -3.98444139e+00 
 7.81234661e-02 -3.58461705e+01  2.97339197e+00 -3.86990949e+00  8.38713657e+01  6.84330138e+00 -3.98290783e+00 
 7.81236224e-02 -3.58318615e+01  2.97282787e+00 -3.86427396e+00  8.38760112e+01  6.83710175e+00 -3.98131795e+00 
 7.81237786e-02 -3.58170529e+01  2.97226371e+00 -3.85864070e+00  8.38806558e+01  6.83090432e+00 -3.97967254e+00 
 7.81239349e-02 -3.58017517e+01  2.97169947e+00 -3.85300980e+00  8.38852995e+01  6.82470918e+00 -3.97797241e+00 
 7.81240911e-02 -3.57859650e+01  2.97113515e+00 -3.84738133e+00  8.38899424e+01  6.81851640e+00 -3.97621833e+00 
 7.81242474e-02 -3.57696998e+01  2.97057077e+00 -3.84175537e+00  8.38945843e+01  6.81232605e+00 -3.97441108e+00 
 7.81244036e-02 -3.57529629e+01  2.97000631e+00 -3.83613199e+00  8.38992254e+01  6.80613822e+00 -3.97255143e+00 
 7.81245599e-02 -3.57357612e+01  2.96944179e+00 -3.83051126e+00  8.39038656e+01  6.79995297e+00 -3.97064013e+00 
 7.81247161e-02 -3.57181014e+01  2.96887719e+00 -3.82489327e+00  8.39085049e+01  6.79377037e+00 -3.96867793e+00 
 7.81248581e-02 -3.57016676e+01  2.96836424e+00 -3.81979230e+00  8.39127185e+01  6.78815646e+00 -3.96685195e+00 
 7.81250000e-02 -3.56848661e+01  2.96785123e+00 -3.81469370e+00  8.39169314e+01  6.78254485e+00 -3.96498512e+00 
